id,conversation_id,created_at,date,time,timezone,user_id,username,name,place,tweet,language,mentions,urls,photos,replies_count,retweets_count,likes_count,hashtags,cashtags,link,retweet,quote_url,video,thumbnail,near,geo,source,user_rt_id,user_rt,retweet_id,reply_to,retweet_date,translate,trans_src,trans_dest
1420120248183926794,1420049836594843653,2021-07-28 04:33:46 CST,2021-07-28,04:33:46,+0800,1204118133881163777,nsfwted,HappyTedNSFW,,@RookieXBT I lost 0.04 on betting when btc was around 1000$ ish That was not big deal. But now it's really painful memory.,en,[],[],[],0,0,0,[],[],https://twitter.com/NsfwTed/status/1420120248183926794,False,,0,,,,,,,,"[{'screen_name': 'RookieXBT', 'name': 'RookieXBT üß≤', 'id': '2545086098'}]",,,,
1420120241577893890,1420120241577893890,2021-07-28 04:33:44 CST,2021-07-28,04:33:44,+0800,37585207,csantanabauza,#bestsellerbook #recommendedbooks #cursosonline,,Ejercicios de mentalidad creatividad y relajaci√≥n para traders Tomo 3: Man...  https://t.co/eqiS8y3mxi a trav√©s de  @amazonmex   #Tokyo2020 #ElCoraz√≥ndeEspa√±a #Hispanos  #JuegosOlimpicos  #Olympics  #Espana #CDMX #Mexico #USA #Ohio #BTC  #BinanceSmartChain  #Bitcoin #Binance  RT,es,"[{'screen_name': 'amazonmex', 'name': 'amazon m√©xico', 'id': '2910407244'}]",['https://amazon.com/dp/B08ZV3T8TL/ref=cm_sw_r_tw_dp_X09QMHS1PJJEFB9JB1X0'],[],0,0,0,"['tokyo2020', 'elcoraz√≥ndeespa√±a', 'hispanos', 'juegosolimpicos', 'olympics', 'espana', 'cdmx', 'mexico', 'usa', 'ohio', 'btc', 'binancesmartchain', 'bitcoin', 'binance']",[],https://twitter.com/csantanabauza/status/1420120241577893890,False,,0,,,,,,,,[],,,,
1420120238973128706,1420120238973128706,2021-07-28 04:33:44 CST,2021-07-28,04:33:44,+0800,1405231105511280640,pontiac924,Pontiac,,How popular CryptoTraders are.  #crypto   $LINK $BAND $DIA $KYL $UMB $DOS $PARA $ROOM $MOD $TRB $ZORA $ORAI $BIRD $BRY $UTU $WIN $RAZOR $SKEY $BTC  https://t.co/VhcDBEdDbA,en,[],[],['https://pbs.twimg.com/media/E7VH1KSWQAYblCF.jpg'],0,0,0,['crypto'],"['link', 'band', 'dia', 'kyl', 'umb', 'dos', 'para', 'room', 'mod', 'trb', 'zora', 'orai', 'bird', 'bry', 'utu', 'win', 'razor', 'skey', 'btc']",https://twitter.com/Pontiac924/status/1420120238973128706,False,,1,https://pbs.twimg.com/media/E7VH1KSWQAYblCF.jpg,,,,,,,[],,,,
1420120237836484610,1420120237836484610,2021-07-28 04:33:43 CST,2021-07-28,04:33:43,+0800,87053814,kocabeyhakan,Profesor,,Hƒ±mmm... #BTC ?  https://t.co/bkCcoZqWix,und,[],[],['https://pbs.twimg.com/media/E7VHxywXsAQPozx.jpg'],0,0,0,['btc'],[],https://twitter.com/kocabeyhakan/status/1420120237836484610,False,,1,https://pbs.twimg.com/media/E7VHxywXsAQPozx.jpg,,,,,,,[],,,,
1420120224087613444,1420120224087613444,2021-07-28 04:33:40 CST,2021-07-28,04:33:40,+0800,80661893,aavatar,Carlos Aaron Moreno,,Cardano ser√° una criptomoneda que corra como BTC y ETH: estratega de cartera  https://t.co/zLxK3V50bq,es,[],['https://www.crypto-news-flash.com/es/cardano-sera-una-criptomoneda-corriente-como-btc-y-eth-estratega-de-cartera/'],[],0,0,0,[],[],https://twitter.com/aavatar/status/1420120224087613444,False,,0,,,,,,,,[],,,,
1420120198582046723,1420120198582046723,2021-07-28 04:33:34 CST,2021-07-28,04:33:34,+0800,1411979390548856839,humancryptobot,HumanCryptoBot,,"The time is now to get @PuppyDogeC at a low market cap, listings coming soon. 10x - 100x is possible very soon. #Crypto #BabyDoge #BabyElon #100xCoin #ADA #altcoin #BabyDogeArmy #BabySwap #Bitcoin #Binance #Beijing #Tokyo2020 #BTC #BSCGems #Bullish #CoinMarketCap #BTT #BSC",en,"[{'screen_name': 'puppydogec', 'name': 'puppy doge coin', 'id': '1409246322725580803'}]",[],[],0,0,0,"['crypto', 'babydoge', 'babyelon', '100xcoin', 'ada', 'altcoin', 'babydogearmy', 'babyswap', 'bitcoin', 'binance', 'beijing', 'tokyo2020', 'btc', 'bscgems', 'bullish', 'coinmarketcap', 'btt', 'bsc']",[],https://twitter.com/HumanCryptoBot/status/1420120198582046723,False,,0,,,,,,,,[],,,,
1420120198208761858,1420114253105836044,2021-07-28 04:33:34 CST,2021-07-28,04:33:34,+0800,1270399956,muratttizorba,Murat Zorba,,"#altƒ±n #g√ºm√º≈ü #bitcoin #etherium  9. Aƒüustos ayƒ± itibari ile beklediƒüim btc d√∂n√º≈ü√º ile eth da hareketlenmesini bekliyorum ve olumlu taraftayƒ±m.  Zaten elde de pek trade edilecek bir ≈üey kalmƒ±yor, onslar ve borsalar bu halde iken.. Rally biti≈ü tarihleri ise √ºf√ºrmece ba≈ütan yazayƒ±m",tr,[],[],[],0,0,0,"['altƒ±n', 'g√ºm√º≈ü', 'bitcoin', 'etherium']",[],https://twitter.com/muratttizorba/status/1420120198208761858,False,,0,,,,,,,,[],,,,
1420120194010210306,1420120194010210306,2021-07-28 04:33:33 CST,2021-07-28,04:33:33,+0800,1370196018969608192,hb_coin,HBC,,surely one day..  #NEO 140 $  #neousdt  #BTC  https://t.co/WzqgJhv8Vt,en,[],[],['https://pbs.twimg.com/media/E7VHyJEXsAQDPE5.jpg'],0,0,0,"['neo', 'neousdt', 'btc']",[],https://twitter.com/hb_coin/status/1420120194010210306,False,,1,https://pbs.twimg.com/media/E7VHyJEXsAQDPE5.jpg,,,,,,,[],,,,
1420120180169089032,1420118754877448202,2021-07-28 04:33:30 CST,2021-07-28,04:33:30,+0800,489284283,mumucrypt,Zaten24,,@CryptoJobs3 Are you sure. What if BTC falls,en,[],[],[],0,0,0,[],[],https://twitter.com/mumucrypt/status/1420120180169089032,False,,0,,,,,,,,"[{'screen_name': 'CryptoJobs3', 'name': 'Crypto_JobsüèÇ', 'id': '1293821182282784776'}]",,,,
1420120157234638856,1420119719001088005,2021-07-28 04:33:24 CST,2021-07-28,04:33:24,+0800,378057481,yusufdrn,yusufdrn,,@Coinmatik1 Yarƒ±n btc 29k Aƒüustos ortasƒ±na kadar hareket beklemeyin. Eyl√ºl ekim zirve kasƒ±mda d√º≈ü√º≈ü ba≈ülar defter kapanƒ±r.,tr,[],[],[],0,0,0,[],[],https://twitter.com/yusufdrn/status/1420120157234638856,False,,0,,,,,,,,"[{'screen_name': 'Coinmatik1', 'name': 'Paramatik', 'id': '1309740525470265344'}]",,,,
1420120153149169665,1420049038397767684,2021-07-28 04:33:23 CST,2021-07-28,04:33:23,+0800,1404996622279397379,jannatulzareen,Jannatulzareen,,@nf4mation I trust in this project and am sure that it will prove to be very powerful in the nearest future. I hope this project is will be a success.  @FariaRifa @SohanaSaba14 @Mimakte41289619   #bitcoin #ethereum #cryptocurrency #blockchain #btc #iNf4mation,en,"[{'screen_name': 'fariarifa', 'name': 'faria rifa', 'id': '1382560425829552131'}, {'screen_name': 'sohanasaba14', 'name': 'sohana saba', 'id': '1382106681790791681'}, {'screen_name': 'mimakte41289619', 'name': 'mimakter', 'id': '1406029892504866817'}]",[],[],0,0,0,"['bitcoin', 'ethereum', 'cryptocurrency', 'blockchain', 'btc', 'inf4mation']",[],https://twitter.com/jannatulzareen/status/1420120153149169665,False,,0,,,,,,,,"[{'screen_name': 'nf4mation', 'name': 'iNf4mation', 'id': '1012626486996750336'}]",,,,
1420120140583161860,1420016231948693523,2021-07-28 04:33:20 CST,2021-07-28,04:33:20,+0800,6720402,abigthingbadly,Vivek (ravishanker.eth) üçåüê±üëΩüèÄ,,@SmilingtigerE @GutterBot Halo Kobe BTC laser eyes is probably the best cat,en,[],[],[],0,0,0,[],[],https://twitter.com/ABigThingBadly/status/1420120140583161860,False,,0,,,,,,,,"[{'screen_name': 'SmilingtigerE', 'name': 'smilingtiger.eth', 'id': '1393685919798947841'}, {'screen_name': 'GutterBot', 'name': 'Gutter Cat Gang Sales Bot', 'id': '1403133277947547650'}]",,,,
1420120139572383750,1420115116532518912,2021-07-28 04:33:20 CST,2021-07-28,04:33:20,+0800,1030881852486307840,lionel46294550,Dictator know it all üòú,,@HigherManas Nah btc will be gone,en,[],[],[],0,0,0,[],[],https://twitter.com/Lionel46294550/status/1420120139572383750,False,,0,,,,,,,,"[{'screen_name': 'HigherManas', 'name': 'JC Collins', 'id': '2327278399'}]",,,,
1420120139547172876,1420120139547172876,2021-07-28 04:33:20 CST,2021-07-28,04:33:20,+0800,1394384511857745920,dboy89698751,DBoy ¬°,,"Where do ya trade, peeps? I've heard a lot of great words about @GecoOne project, they allow trading the most popular and beneficial cryptocurrency pairs, they‚Äôve got BTC, ETH, LTC, UNI and many more. I think I should try it.  $land $farm $doge $slp $c98 $crd $cvag",en,"[{'screen_name': 'gecoone', 'name': 'geco.one', 'id': '1045270679279554566'}]",[],[],0,0,0,[],"['land', 'farm', 'doge', 'slp', 'crd', 'cvag']",https://twitter.com/DBoy89698751/status/1420120139547172876,False,,0,,,,,,,,[],,,,
1420120123579400200,1420120123579400200,2021-07-28 04:33:16 CST,2021-07-28,04:33:16,+0800,1411134027856154629,stockkings6,StockKings,,$EDXC easy 5x with this one.  $TSLA $AMC $AMZN $BTC $AAPL $BABA $MRNA $ROKU $CLOV $WISH $AAL $TLRY $SNDL $ACB $CBDD $SPCE $MSFT $GOOG $ILUS $EDXC $FUTL $TLRY $SNDL $CBDD $WEED $CRON #blesswell #DJkhaled #Goats #CBD #CANNABIS $AABB $COWI,en,[],[],[],0,1,1,"['blesswell', 'djkhaled', 'goats', 'cbd', 'cannabis']","['edxc', 'tsla', 'amc', 'amzn', 'btc', 'aapl', 'baba', 'mrna', 'roku', 'clov', 'wish', 'aal', 'tlry', 'sndl', 'acb', 'cbdd', 'spce', 'msft', 'goog', 'ilus', 'edxc', 'futl', 'tlry', 'sndl', 'cbdd', 'weed', 'cron', 'aabb', 'cowi']",https://twitter.com/StockKings6/status/1420120123579400200,False,https://twitter.com/CoachNickMoney/status/1419869046581997568,0,,,,,,,,[],,,,
1420120111411773441,1420120111411773441,2021-07-28 04:33:13 CST,2021-07-28,04:33:13,+0800,2508728054,coaching3500,#Coach #coaching #CDMX,,Ejercicios de mentalidad creatividad y relajaci√≥n para traders Tomo 3: Man...  https://t.co/xNbhZJyMiL a trav√©s de  @amazonmex   #Tokyo2020 #ElCoraz√≥ndeEspa√±a #Hispanos  #JuegosOlimpicos  #Olympics  #Espana #CDMX #Mexico #USA #Ohio #BTC  #BinanceSmartChain  #Bitcoin #Binance  RT,es,"[{'screen_name': 'amazonmex', 'name': 'amazon m√©xico', 'id': '2910407244'}]",['https://amazon.com/dp/B08ZV3T8TL/ref=cm_sw_r_tw_dp_X09QMHS1PJJEFB9JB1X0'],[],0,0,0,"['tokyo2020', 'elcoraz√≥ndeespa√±a', 'hispanos', 'juegosolimpicos', 'olympics', 'espana', 'cdmx', 'mexico', 'usa', 'ohio', 'btc', 'binancesmartchain', 'bitcoin', 'binance']",[],https://twitter.com/coaching3500/status/1420120111411773441,False,,0,,,,,,,,[],,,,
1420120104055025665,1420120104055025665,2021-07-28 04:33:12 CST,2021-07-28,04:33:12,+0800,1107470222,mr_coiner,Mr. Coiner,,"On August 5th, #HBAR has a mainnet. Mainnette Hedera will support private token service namely NFTs. Our place is ready on the moon, we will be there soon. üöÄüöÄüöÄ üåï . . #Bitcoin #Ethereum #BNB #ADA #DOGE #XRP #DOT #BTC #ETH $BTC $ETH #UNI #BCH #SOL #LTC #LINK #ICP #MATIC #THETA.",en,[],[],[],0,0,0,"['hbar', 'bitcoin', 'ethereum', 'bnb', 'ada', 'doge', 'xrp', 'dot', 'btc', 'eth', 'uni', 'bch', 'sol', 'ltc', 'link', 'icp', 'matic', 'theta']","['btc', 'eth']",https://twitter.com/mr_coiner/status/1420120104055025665,False,,0,,,,,,,,[],,,,
1420120102721056771,1419685923063844869,2021-07-28 04:33:11 CST,2021-07-28,04:33:11,+0800,333430016,rizkysyafina155,R I Z K Y Syafina üÜòÔ∏è,,@ClerivaldoBerg @DickyGustian10  @derryharukaze  @chepty12   #BTC #Bitcoin #cryptocurrency #LATOKEN,und,"[{'screen_name': 'derryharukaze', 'name': 'derry harukaze', 'id': '811162130'}, {'screen_name': 'chepty12', 'name': 'chepty „ÉÖ', 'id': '576884864'}]",[],[],0,0,0,"['btc', 'bitcoin', 'cryptocurrency', 'latoken']",[],https://twitter.com/RizkySyafina155/status/1420120102721056771,False,,0,,,,,,,,"[{'screen_name': 'ClerivaldoBerg', 'name': 'Clerivaldo Reis', 'id': '85107741'}]",,,,
1420120096622751746,1420073415122243584,2021-07-28 04:33:10 CST,2021-07-28,04:33:10,+0800,1267573087609946117,emelkoseoglu4,EÍôÜo·•í M·•ô‚≥Ω∆ô¬©‚ôñ,,@binance 50k bnb and some btc we give out at üëâ BINTAKE.  NET!,en,[],[],[],1,0,0,[],[],https://twitter.com/EmelKoseoglu4/status/1420120096622751746,False,,0,,,,,,,,"[{'screen_name': 'binance', 'name': 'Binance', 'id': '877807935493033984'}]",,,,
1420120095943270407,1420050855487803396,2021-07-28 04:33:10 CST,2021-07-28,04:33:10,+0800,1377543384781447169,hristohristosk1,Hristo Hristoskov,,@BTC_Archive Try this with a $ .... Then you'll see a taxes ;),en,[],[],[],0,0,0,[],[],https://twitter.com/HristoHristosk1/status/1420120095943270407,False,,0,,,,,,,,"[{'screen_name': 'BTC_Archive', 'name': 'Bitcoin Archive üóÑüöÄüåî', 'id': '970994516357472257'}]",,,,
1420120091249680385,1420117039914668033,2021-07-28 04:33:08 CST,2021-07-28,04:33:08,+0800,90762170,tr0n001,Life_of-Joy,,@PimpDaddythagod @davidgokhshtein It's risen and fall almost the same % as BTC for the week. Doge can not die. Doge is a way of life. If there is no good in your day do only that.,en,[],[],[],0,0,0,[],[],https://twitter.com/tr0n001/status/1420120091249680385,False,,0,,,,,,,,"[{'screen_name': 'PimpDaddythagod', 'name': 'J√ºrgen Hingsen', 'id': '1110407729485701120'}, {'screen_name': 'davidgokhshtein', 'name': 'David Gokhshtein', 'id': '170049408'}]",,,,
1420120085000335367,1420109685953376265,2021-07-28 04:33:07 CST,2021-07-28,04:33:07,+0800,1318274426652250113,seyyarmemur,seyyarcryptocu,,@coinmar67193593 Ge√ßen toplantƒ± da sabit kalmasƒ±na raƒümen btc d√º≈üm√º≈ü m√ºyd√º,tr,[],[],[],0,0,0,[],[],https://twitter.com/seyyarmemur/status/1420120085000335367,False,,0,,,,,,,,"[{'screen_name': 'coinmar67193593', 'name': 'T√ºrk Coin Market', 'id': '1389736693423611906'}]",,,,
1420120077144371204,1419539857571991554,2021-07-28 04:33:05 CST,2021-07-28,04:33:05,+0800,1290744593206706178,opcode_network,opcode.network,,"@euolvontri @walerikus @hipocrypto @21_millie_btc @IamCryptoWolf In uncensored parts of the internet Lightning Network is considered as crapware.  centralized, hub and spoke model, introducing parasitic middlemen, and the best  part? It doesn't even work well on a crippled chain and there is no use for it on a functional network.",en,[],[],[],0,0,0,[],[],https://twitter.com/Opcode_Network/status/1420120077144371204,False,,0,,,,,,,,"[{'screen_name': 'euolvontri', 'name': 'Ahitsso', 'id': '1363620589244583938'}, {'screen_name': 'walerikus', 'name': 'Valerios Baglaridis', 'id': '2445811519'}, {'screen_name': 'hipocrypto', 'name': 'Cryptonymous', 'id': '1220135794238607360'}, {'screen_name': '21_millie_btc', 'name': '21 Mille BTC', 'id': '1607505902'}, {'screen_name': 'IamCryptoWolf', 'name': 'Wolf üê∫', 'id': '898155965899526145'}]",,,,
1420120076720746501,1420069252426567686,2021-07-28 04:33:05 CST,2021-07-28,04:33:05,+0800,1272228375210463238,fullbtccapacity,Dave (eM),,@ninafx_ Selling to buy more $CARD   The First #SaaS platform within this space  Tangible business proposition   Decent market traction  Ready products  $CARD $BTC $ETH  https://t.co/BGMrOeK74d,en,[],[],['https://pbs.twimg.com/tweet_video_thumb/E7VHrXmWQAsk1Qy.jpg'],0,0,0,['saas'],"['card', 'card', 'btc', 'eth']",https://twitter.com/FullBTCCapacity/status/1420120076720746501,False,,1,https://pbs.twimg.com/tweet_video_thumb/E7VHrXmWQAsk1Qy.jpg,,,,,,,"[{'screen_name': 'ninafx_', 'name': 'Nina Wright', 'id': '1071179871206940674'}]",,,,
1420120070840332291,1420116458768670720,2021-07-28 04:33:04 CST,2021-07-28,04:33:04,+0800,127488453,kjamoney,Joshua Akindele,,@CryptoDemon15 I believe this is bull time for BTC.,en,[],[],[],0,0,0,[],[],https://twitter.com/Kjamoney/status/1420120070840332291,False,,0,,,,,,,,"[{'screen_name': 'CryptoDemon15', 'name': 'CryptoDemon', 'id': '1408404099587059715'}]",,,,
1420120061667315725,1420120061667315725,2021-07-28 04:33:01 CST,2021-07-28,04:33:01,+0800,161894615,cristinacoach,Cristina Diaz,,Ejercicios de mentalidad creatividad y relajaci√≥n para traders Tomo 3: Man...  https://t.co/V7JJhNFvO7 a trav√©s de  @amazonmex   #Tokyo2020 #ElCoraz√≥ndeEspa√±a #Hispanos  #JuegosOlimpicos  #Olympics  #Espana #CDMX #Mexico #USA #Ohio #BTC  #BinanceSmartChain  #Bitcoin #Binance  RT,es,"[{'screen_name': 'amazonmex', 'name': 'amazon m√©xico', 'id': '2910407244'}]",['https://amazon.com/dp/B08ZV3T8TL/ref=cm_sw_r_tw_dp_X09QMHS1PJJEFB9JB1X0'],[],0,1,0,"['tokyo2020', 'elcoraz√≥ndeespa√±a', 'hispanos', 'juegosolimpicos', 'olympics', 'espana', 'cdmx', 'mexico', 'usa', 'ohio', 'btc', 'binancesmartchain', 'bitcoin', 'binance']",[],https://twitter.com/cristinacoach/status/1420120061667315725,False,,0,,,,,,,,[],,,,
1420120059427672069,1420120059427672069,2021-07-28 04:33:01 CST,2021-07-28,04:33:01,+0800,2800345565,grayscale,Grayscale,,"07/27/21 UPDATE: Net Assets Under Management, Holdings per Share, and Market Price per Share for our Investment Products.  Total AUM: $33.0 billion  $BTC $BAT $BCH $LINK $MANA $ETH $ETC $FIL $ZEN $LTC $LPT $XLM $ZEC $UNI $AAVE $COMP $CRV $MKR $SUSHI $SNX $YFI $UMA $BNT $ADA  https://t.co/K2JWPlPtxK",en,[],[],['https://pbs.twimg.com/media/E7VHjxzXsAk-ych.png'],2,3,6,[],"['btc', 'bat', 'bch', 'link', 'mana', 'eth', 'etc', 'fil', 'zen', 'ltc', 'lpt', 'xlm', 'zec', 'uni', 'aave', 'comp', 'crv', 'mkr', 'sushi', 'snx', 'yfi', 'uma', 'bnt', 'ada']",https://twitter.com/Grayscale/status/1420120059427672069,False,,1,https://pbs.twimg.com/media/E7VHjxzXsAk-ych.png,,,,,,,[],,,,
1420120058823680009,1420120058823680009,2021-07-28 04:33:01 CST,2021-07-28,04:33:01,+0800,1053454356878479361,ideasprime,Prime Trader,,Gold | $XAUUSD | $XAU $USD  why we see sell to 1770 on gold ? and secret of profit in tr...  Long or short it with BTC on Trade8:  https://t.co/WIMZF6zZgo  https://t.co/aVkkZDCNTX,en,[],['http://trade8.to/trade/XAU-USD'],['https://pbs.twimg.com/media/E7VHqtMWEAI8NmA.png'],0,0,0,[],"['xauusd', 'xau', 'usd']",https://twitter.com/IdeasPrime/status/1420120058823680009,False,,1,https://pbs.twimg.com/media/E7VHqtMWEAI8NmA.png,,,,,,,[],,,,
1420120054738214919,1420120054738214919,2021-07-28 04:33:00 CST,2021-07-28,04:33:00,+0800,86669030,kaxzimva,Kaxzimva,,"‚ñ∂Ô∏è La inteligencia Artificial lleg√≥ para apoyar, con esta idea se cre√≥ IbotLife, el robot que te permite hacer trading en el par BTC/ADA de #Cardano, de manera autom√°tica.  M√°s informacion: üëâ  https://t.co/vMhHOIeOEV  #IbotLife #IA #Kaxzimva #Bitcoin #CardanoCommunity  https://t.co/foYE0liYqL",es,[],['https://bit.ly/3kVGcyL'],['https://pbs.twimg.com/media/E7L0a5IWEAIgDv7.jpg'],0,0,0,"['cardano', 'ibotlife', 'ia', 'kaxzimva', 'bitcoin', 'cardanocommunity']",[],https://twitter.com/Kaxzimva/status/1420120054738214919,False,,1,https://pbs.twimg.com/media/E7L0a5IWEAIgDv7.jpg,,,,,,,[],,,,
1420120051701714948,1420120051701714948,2021-07-28 04:32:59 CST,2021-07-28,04:32:59,+0800,1324880969942315009,nightarbitrage,NightArbitrage,,üëÅüëÅ #BTC $BTC,und,[],[],[],0,0,0,['btc'],['btc'],https://twitter.com/NightArbitrage/status/1420120051701714948,False,https://twitter.com/jonfarjo/status/1420119630165643265,0,,,,,,,,[],,,,
1420120034626744330,1420120034626744330,2021-07-28 04:32:55 CST,2021-07-28,04:32:55,+0800,26170046,loconluis,Luis Locon,,Ese levanton de $BTC est√° bueno üòú,es,[],[],[],0,0,0,[],['btc'],https://twitter.com/LoconLuis/status/1420120034626744330,False,,0,,,,,,,,[],,,,
1420119998752772114,1420119998752772114,2021-07-28 04:32:46 CST,2021-07-28,04:32:46,+0800,118794845,marcodacostafx,Marco Da Costa,,"#Bitcoin price seeks higher low as trader forecasts $45,000 breakout within weeks. $COIN #BTC  https://t.co/m7QSvsYgCs",en,[],['https://marketrebellion.com/bitcoin-price-seeks-higher-low-as-trader-forecasts-45k-breakout-within-weeks/'],[],0,0,0,"['bitcoin', 'btc']",['coin'],https://twitter.com/MarcoDaCostaFX/status/1420119998752772114,False,,0,,,,,,,,[],,,,
1420119983774896132,1420112161133711369,2021-07-28 04:32:43 CST,2021-07-28,04:32:43,+0800,1359693602075607046,wristaimers,wraith,,"@GavCSGO Pretty sure this is a scam , 0.28 btc is 10,000 dollars",en,[],[],[],0,0,0,[],[],https://twitter.com/wristaimers/status/1420119983774896132,False,,0,,,,,,,,"[{'screen_name': 'GavCSGO', 'name': 'Gavin', 'id': '1221451302389063686'}]",,,,
1420119978485985283,1420050855487803396,2021-07-28 04:32:42 CST,2021-07-28,04:32:42,+0800,259967883,multiculturebtc,Multi-Cultural Bitcoin,,@BTC_Archive Let‚Äôs help @PeterSchiff pick up his gold,en,"[{'screen_name': 'peterschiff', 'name': 'peter schiff', 'id': '56562803'}]",[],[],0,0,0,[],[],https://twitter.com/MulticultureBTC/status/1420119978485985283,False,,0,,,,,,,,"[{'screen_name': 'BTC_Archive', 'name': 'Bitcoin Archive üóÑüöÄüåî', 'id': '970994516357472257'}]",,,,
1420119969220673537,1420119969220673537,2021-07-28 04:32:39 CST,2021-07-28,04:32:39,+0800,1364013027490725894,fahima25368479,Fahima,,BITCOIN BTC PUMP - New GME Short Squeeze Info - GameStop Short Squeeze +...  https://t.co/2guwlnav2r via @YouTube,en,"[{'screen_name': 'youtube', 'name': 'youtube', 'id': '10228272'}]",['https://youtu.be/4hUN6yM-rPY'],[],0,0,0,[],[],https://twitter.com/Fahima25368479/status/1420119969220673537,False,,0,,,,,,,,[],,,,
1420119958130937859,1420119958130937859,2021-07-28 04:32:37 CST,2021-07-28,04:32:37,+0800,1350757308167544832,caesarcapital,Caesar Capital,,$ETH: I think we'll get a fakeout from the $BTC pair  https://t.co/TltV1vQqrQ,en,[],[],['https://pbs.twimg.com/media/E7VHhtjWYA0vptw.jpg'],0,1,1,[],"['eth', 'btc']",https://twitter.com/CaesarCapital/status/1420119958130937859,False,,1,https://pbs.twimg.com/media/E7VHhtjWYA0vptw.jpg,,,,,,,[],,,,
1420119956092448769,1419902716617232385,2021-07-28 04:32:36 CST,2021-07-28,04:32:36,+0800,523002945,mrziddisays,Himanshu TripathiüáÆüá≥,,@henleynava BTC 80K ETH 8K MATIC 8$,en,[],[],[],0,0,0,[],[],https://twitter.com/MrZiddiSays/status/1420119956092448769,False,,0,,,,,,,,"[{'screen_name': 'henleynava', 'name': 'Henley Nava', 'id': '1407938386426417153'}]",,,,
1420119952858783746,1420119952858783746,2021-07-28 04:32:35 CST,2021-07-28,04:32:35,+0800,1243842530359128065,coinnewsflash,„Ç≥„Ç§„É≥Êµ∑Â§ñÈÄüÂ†± -‰ªÆÊÉ≥ÈÄöË≤®„Éã„É•„Éº„Çπ-,,ÈõÑÁâõ„ÇíÁü≥Âåñ„Åï„Åõ„Åü„Åæ„Åæ„Å´„Åô„Çã‰∏çÂêâ„Å™„Ç§„Éº„Çµ„É™„Ç¢„É†„ÅÆÊØîËºÉ $BTC $ETH    https://t.co/L4jfRuUZmQ,ja,[],['https://www.newsbtc.com/analysis/eth/ethereum-tencent-lumber-crypto-comparison/'],[],0,0,0,[],"['btc', 'eth']",https://twitter.com/CoinNewsFlash/status/1420119952858783746,False,,0,,,,,,,,[],,,,
1420119951721988098,1420080206287556609,2021-07-28 04:32:35 CST,2021-07-28,04:32:35,+0800,1333908641200541698,calliesloane,C‚Ç≥≈Å≈ÅIE üíï,,@RichDevX @69dogecoin Noooooo Rich‚Ä¶et tu‚Ä¶ üòû I didn‚Äôt peg you for a BTC hater‚Ä¶.Bitcoin will live forever!!!!!!,en,[],[],[],0,0,0,[],[],https://twitter.com/calliesloane/status/1420119951721988098,False,,0,,,,,,,,"[{'screen_name': 'RichDevX', 'name': 'Richard L ‚úà', 'id': '81456235'}, {'screen_name': '69dogecoin', 'name': '∆âusk', 'id': '1139151727700205569'}]",,,,
1420119945925513228,1420045381375774722,2021-07-28 04:32:34 CST,2021-07-28,04:32:34,+0800,1879332487,drmoneyhunter,Dr. Money Hunter,,@barbosa9517 A√ßƒ±k√ßasƒ± orta ve uzun vade bu :) Btc 30kyi a≈üaƒüƒ± kirmadigi s√ºrece.  https://t.co/EmVeJTz00j,tr,[],[],['https://pbs.twimg.com/media/E7VHkGmWEAYRoEe.jpg'],0,0,0,[],[],https://twitter.com/DrMoneyHunter/status/1420119945925513228,False,,1,https://pbs.twimg.com/media/E7VHkGmWEAYRoEe.jpg,,,,,,,"[{'screen_name': 'barbosa9517', 'name': 'barbosa123', 'id': '285197775'}]",,,,
1420119932528889859,1420119932528889859,2021-07-28 04:32:31 CST,2021-07-28,04:32:31,+0800,1333123879007555585,metehan58094670,CoinMeB,,#BTC kararƒ±nƒ± bir Verse √ßok g√ºzel coinlerim var birde payla≈üabilcegim takip√ßilere ihtiyacƒ±m var ü§£ü§£,tr,[],[],[],0,0,0,['btc'],[],https://twitter.com/Metehan58094670/status/1420119932528889859,False,,0,,,,,,,,[],,,,
1420119920235405324,1420119920235405324,2021-07-28 04:32:28 CST,2021-07-28,04:32:28,+0800,1353978151727194113,voortfok,David Bezuidenhout,,MAKE THIS HAPPEN!! GO TEAM #SHIB  @SHIBARMY @ShytoshiKusama @SHIBINFORMER  #SHIB #SHIBASWAP #SHIBARMY #GGPOKER #POKERSTARS #SHIBA #BTC  #ETH #ADA #XRP #SAFEMOON #FEG,en,"[{'screen_name': 'shibarmy', 'name': 'shibarmy', 'id': '1357282440335736833'}, {'screen_name': 'shytoshikusama', 'name': 'shytoshi kusama', 'id': '1349928660136910851'}, {'screen_name': 'shibinformer', 'name': 'shib informer', 'id': '1362892883494322176'}]",[],[],0,0,0,"['shib', 'shib', 'shibaswap', 'shibarmy', 'ggpoker', 'pokerstars', 'shiba', 'btc', 'eth', 'ada', 'xrp', 'safemoon', 'feg']",[],https://twitter.com/VoortFok/status/1420119920235405324,False,https://twitter.com/PokerShib/status/1420119167135592452,0,,,,,,,,[],,,,
1420119905832157185,1420119905832157185,2021-07-28 04:32:24 CST,2021-07-28,04:32:24,+0800,1154085717628207104,fastandfeeless,NANO : Fast and feeless,,"Current Price of $NANO : $4.018  If $NANO had:    - $IOTA's Market cap, 1 NANO = $18.28    - $BCH's Market cap, 1 NANO = $70.27    - $LTC's Market cap, 1 NANO = $66.72    - $BTC's Market cap, 1 NANO = $5362.74",tl,[],[],[],0,0,0,[],"['nano', 'nano', 'iota', 'bch', 'ltc', 'btc']",https://twitter.com/fastandfeeless/status/1420119905832157185,False,,0,,,,,,,,[],,,,
1420119879940644866,1420089102897074176,2021-07-28 04:32:18 CST,2021-07-28,04:32:18,+0800,1375632930526011393,circle_elders,CircleOfElders,,@eghunter12 @steve_hanke Now libertarians hate Fed. But that does not mean we cant use basic logic. BTC is a failure so far as a tech is obvious and proven with data.,en,[],[],[],1,0,0,[],[],https://twitter.com/circle_elders/status/1420119879940644866,False,,0,,,,,,,,"[{'screen_name': 'eghunter12', 'name': 'eghunter12 üêç üá¶üá∑üá∫üáæüá∫üá∏üáÆüáπ', 'id': '1266360767382605826'}, {'screen_name': 'steve_hanke', 'name': 'Steve Hanke', 'id': '863527548'}]",,,,
1420119877172486149,1420119877172486149,2021-07-28 04:32:17 CST,2021-07-28,04:32:17,+0800,1229411686416896003,kd_hodler,KD_hodler,,Crypto will set you free ‚úåÔ∏è  $btc $eth $zil $algo $dgb $ckb $crv,en,[],[],[],0,0,0,[],"['btc', 'eth', 'zil', 'algo', 'dgb', 'ckb', 'crv']",https://twitter.com/kd_hodler/status/1420119877172486149,False,,0,,,,,,,,[],,,,
1420119875452903427,1420119875452903427,2021-07-28 04:32:17 CST,2021-07-28,04:32:17,+0800,943504961748590592,laluwwg,Lalu WWG,,Today We Scalp Longed $AXS  Members @WalshWealthWWG Cashing Big Gainsüí∞üí∞  Entry: $45.50 (DCA)  @CryptoGodJohn Nailed the IDEA in the Discord Group!  Entry &amp; Gains Shared For Transparency!   https://t.co/pGXvJqIG5L only Place to Sign-Up!  $ETH $SNX $THETA $BTC $XRP $LTC $DOT $SXP  https://t.co/VY4ykFAJ2e,en,"[{'screen_name': 'walshwealthwwg', 'name': 'walsh wealth group', 'id': '1296169065338241026'}, {'screen_name': 'cryptogodjohn', 'name': 'crypto god john‚Ñ¢', 'id': '210623431'}]",['http://Walshwealthgroup.com'],['https://pbs.twimg.com/media/E7VHfX5WEAIf6Hk.jpg'],1,1,3,[],"['axs', 'eth', 'snx', 'theta', 'btc', 'xrp', 'ltc', 'dot', 'sxp']",https://twitter.com/LaluWWG/status/1420119875452903427,False,,1,https://pbs.twimg.com/media/E7VHfX5WEAIf6Hk.jpg,,,,,,,[],,,,
1420119874936791043,1420119874936791043,2021-07-28 04:32:17 CST,2021-07-28,04:32:17,+0800,1334498229031878657,smahnaftahmid1,S M Ahnaf Tahmid,,"Wow man!! It‚Äôs Bitcoin Giveaway!  üéÅ Reward: $300 in #BTC¬†  üîÅ Retweet this tweet ‚úÖ Easy social tasks ‚úÖ Follow @latoken_promo üí∞ 4 lucky winners, 1 top inviter and the top tweet's author ‚û°Ô∏è $50 each  And ofcourse my favorite Bitcoin is #LATOKEN  #BitcoinGiveawayOnLATOKEN",en,"[{'screen_name': 'latoken_promo', 'name': 'latoken promo', 'id': '1384523962667909121'}]",[],[],0,1,1,"['btc', 'latoken', 'bitcoingiveawayonlatoken']",[],https://twitter.com/SMAhnafTahmid1/status/1420119874936791043,False,,0,,,,,,,,[],,,,
1420119865617096705,1419685472100503557,2021-07-28 04:32:15 CST,2021-07-28,04:32:15,+0800,1622569314,bonek86bonek,galuh candrawati,,"@Ajaymourya1994 @latoken_promo Hai, dapatkan token 0 BTC dan sebarkan teknologi hebat. Gratis, sangat mudah, dan kuat.  https://t.co/kzgB9XaksP",in,[],['https://latoken.com/airdrops/entrance?refcode=w29qfm9d&airdrop=BTC&source=wa'],[],0,0,0,[],[],https://twitter.com/Bonek86Bonek/status/1420119865617096705,False,,0,,,,,,,,"[{'screen_name': 'Ajaymourya1994', 'name': 'Ajay kumar maurya', 'id': '489349234'}, {'screen_name': 'latoken_promo', 'name': 'LATOKEN Promo', 'id': '1384523962667909121'}]",,,,
1420119864300158985,1420027710257180676,2021-07-28 04:32:14 CST,2021-07-28,04:32:14,+0800,2156322019,lydonjc,Fud-Bot üßä‚õ∞üíéüåΩüü©,,@Marketsbylili Re this point: Novogratz said at BTC Miami not to push the payments idea until it is accepted as SOV,en,[],[],[],0,0,0,[],[],https://twitter.com/LydonJC/status/1420119864300158985,False,,0,,,,,,,,"[{'screen_name': 'Marketsbylili', 'name': 'Lili', 'id': '1370474272670502912'}]",,,,
1420119849813020673,1420119849813020673,2021-07-28 04:32:11 CST,2021-07-28,04:32:11,+0800,1034225714713841666,benamesy,Ben Ames,,"Every #btc twitter trader - BTC just broke the $40k resistance, $1,000,000 BTC inevitable.",en,[],[],[],0,0,0,['btc'],[],https://twitter.com/BenAmesy/status/1420119849813020673,False,,0,,,,,,,,[],,,,
1420119849284640776,1420119849284640776,2021-07-28 04:32:11 CST,2021-07-28,04:32:11,+0800,1409234163987890177,cyou_co,cyou,,What if... $BTC  https://t.co/ueXXwOKxjT,en,[],[],['https://pbs.twimg.com/media/E7VHcEBX0AUNirD.jpg'],0,0,0,[],['btc'],https://twitter.com/cyou_co/status/1420119849284640776,False,https://twitter.com/samjoleary/status/1419983845365993479,1,https://pbs.twimg.com/media/E7VHcEBX0AUNirD.jpg,,,,,,,[],,,,
1420119831316078592,1420109865498734592,2021-07-28 04:32:06 CST,2021-07-28,04:32:06,+0800,1388949093838299138,btcishow,Bitcoin is How ‚àû/21M üåã,,"@jBuzMSC @Croesus_BTC Yes, those asymptotic charts of debt are steepening to the point that a critical mass of people may finally wake up to what has previously been seen only by the most paranoid Austrians. We may not see ‚Äúsupercycle‚Äù this year, but nor is the clock running backward 8 years.",en,[],[],[],0,0,0,[],[],https://twitter.com/BTCisHOW/status/1420119831316078592,False,,0,,,,,,,,"[{'screen_name': 'jBuzMSC', 'name': 'John Buzolits', 'id': '905098154240036868'}, {'screen_name': 'Croesus_BTC', 'name': 'Croesus üî¥', 'id': '892945654451851265'}]",,,,
1420119816262848515,1420117920089362434,2021-07-28 04:32:03 CST,2021-07-28,04:32:03,+0800,2539397777,layemom_,mommaspride,,#BTC¬† mining uses 0.4% of the world's energy that is wasted &amp; 0.1% of the worlds energy production  https://t.co/0b2s7t7tZN,en,[],[],['https://pbs.twimg.com/media/E7VHcPpXsAI2stM.jpg'],1,0,0,['btc'],[],https://twitter.com/layemom_/status/1420119816262848515,False,,1,https://pbs.twimg.com/media/E7VHcPpXsAI2stM.jpg,,,,,,,[],,,,
1420119809774301186,1420119809774301186,2021-07-28 04:32:01 CST,2021-07-28,04:32:01,+0800,1034745368217628672,exchangedog,ExchangeDog,,SELLING activity MARKET QKC Binance Duration: 29 min Maker sell 9.58% Volume 24h: 7.87 BTC Sold: 0.75 BTC  Market:  https://t.co/7ZlkGCj6Wb $QKC #cryptotrading #bearish #binance,en,[],['https://www.binance.com/en/trade/QKC_BTC?ref=U1VR7QK9'],[],0,0,0,"['cryptotrading', 'bearish', 'binance']",['qkc'],https://twitter.com/ExchangeDog/status/1420119809774301186,False,,0,,,,,,,,[],,,,
1420119780883841038,1420119780883841038,2021-07-28 04:31:54 CST,2021-07-28,04:31:54,+0800,1273561391539027968,bitcoinnotifac1,bitcoinnotifactions,,Robinhood introduces feature aimed at protecting investors from crypto volatility   https://t.co/uhggKh9UVJ #Bitcoin2021 #cryptocurrency #btc  #cryptonews    #cryptocurrencies #Bitcoin #cryptoearning  https://t.co/gBg1KPfcOH,en,[],['https://www.bitcoinnotifactions.com/2021/07/robinhood-introduces-feature-aimed-at.html'],['https://pbs.twimg.com/media/E7VHWKtWEAAdOQM.jpg'],1,0,0,"['bitcoin2021', 'cryptocurrency', 'btc', 'cryptonews', 'cryptocurrencies', 'bitcoin', 'cryptoearning']",[],https://twitter.com/bitcoinnotifac1/status/1420119780883841038,False,,1,https://pbs.twimg.com/media/E7VHWKtWEAAdOQM.jpg,,,,,,,[],,,,
1420119779122114561,1420119779122114561,2021-07-28 04:31:54 CST,2021-07-28,04:31:54,+0800,1293446468313866240,tardesgo,Trades Go,,Trade ideas with A.I   https://t.co/usKxRbDRIm . . . . $ONPX $ZM $V $DAL $GOOG $MMEX $X $INND $SEGI $NKE $CHWY $NXTD $KGC $WFC $CNSP $AIV $EEM $SIRI $CRBP $BYND $IRNX $NNPM $NXP $PT $ATH $CRM $BLNK $ADBE $BTC $OXY $IWM $ADSK $ALLY $ATVI $BIDU $CAT $COST $DE $KSS $LULU $MCD $MGM  https://t.co/r4m7oV1hHT,en,[],['http://go.trade-ideas.com/SHCf'],['https://pbs.twimg.com/media/E7VHXptVcAENBBX.jpg'],0,0,0,[],"['onpx', 'zm', 'v', 'dal', 'goog', 'mmex', 'x', 'innd', 'segi', 'nke', 'chwy', 'nxtd', 'kgc', 'wfc', 'cnsp', 'aiv', 'eem', 'siri', 'crbp', 'bynd', 'irnx', 'nnpm', 'nxp', 'pt', 'ath', 'crm', 'blnk', 'adbe', 'btc', 'oxy', 'iwm', 'adsk', 'ally', 'atvi', 'bidu', 'cat', 'cost', 'de', 'kss', 'lulu', 'mcd', 'mgm']",https://twitter.com/TardesGo/status/1420119779122114561,False,,1,https://pbs.twimg.com/media/E7VHXptVcAENBBX.jpg,,,,,,,[],,,,
1420119760843460614,1420119760843460614,2021-07-28 04:31:50 CST,2021-07-28,04:31:50,+0800,234254440,indiafineee,Indƒ´,,‚ÄúYou just made your ex go to condom kingdom with a btc that look like Mannie Fresh. That‚Äôs how much she tired of your ass‚Äù üòÇüòÇüòÇ I am screaming .. Sis is hilarious,en,[],[],[],0,0,0,[],[],https://twitter.com/indiafineee/status/1420119760843460614,False,https://twitter.com/pretty__porsha/status/1419891642232983566,0,,,,,,,,[],,,,
1420119737821011968,1420119737821011968,2021-07-28 04:31:44 CST,2021-07-28,04:31:44,+0800,994674720703418368,hairestetic,kriptopolisi,,#kava 5.38 yukarƒ± iƒüne attƒ± g√ºzel bir y√ºkseli≈ü bekliyorum #BTC #ethereum  https://t.co/GU0nQyo1cM,tr,[],[],['https://pbs.twimg.com/media/E7VHXcDX0AEl9mw.jpg'],0,0,0,"['kava', 'btc', 'ethereum']",[],https://twitter.com/hairestetic/status/1420119737821011968,False,,1,https://pbs.twimg.com/media/E7VHXcDX0AEl9mw.jpg,,,,,,,[],,,,
1420119726215270406,1420119726215270406,2021-07-28 04:31:41 CST,2021-07-28,04:31:41,+0800,351050265,king_papa_papa,King_papa_papa ‚ñÅ ‚ñÇ ‚ñÉ ‚ñÑ ‚ñà üí∞ üáµüá∑,,USTELLAR 4 Pack 25W RGB Color Changing Led Flood Lights Indoor Room Outdoor Halloween Party ...  https://t.co/RtgKaneJ7O #BTC #BTT #KLV #TRX #Mining #Miners #Klever #Klv #bittrex #binance #cryptomarket #bitcoinnews #invest #blockchainnews #bitcointrading #altcoin #bitcoins  https://t.co/e5TlpJ7g9y,en,[],['https://s0frito.com/2021/07/27/ustellar-4-pack-25w-rgb-color-changing-led-flood-lights-indoor-room-outdoor-halloween-party-exterior-uplighting-landscape-spotlight-floor-uplight-colored-floodlight-wall-washer-led-stage-lighting/'],['https://pbs.twimg.com/media/E7VHXZDXEAME3iC.jpg'],0,0,0,"['btc', 'btt', 'klv', 'trx', 'mining', 'miners', 'klever', 'klv', 'bittrex', 'binance', 'cryptomarket', 'bitcoinnews', 'invest', 'blockchainnews', 'bitcointrading', 'altcoin', 'bitcoins']",[],https://twitter.com/king_papa_papa/status/1420119726215270406,False,,1,https://pbs.twimg.com/media/E7VHXZDXEAME3iC.jpg,,,,,,,[],,,,
1420119723073839104,1420119723073839104,2021-07-28 04:31:41 CST,2021-07-28,04:31:41,+0800,948551073387642880,dyorcryptobot,DYOR.net Dev & Bot,,[SCAN RESULTS - 15m - KUCOIN]  KuCoin top 5 bullish trend (#BTC pair) 1: $MAHA 2: $NEO 3: $ELA 4: $OPCT 5: $ELF  KuCoin top 5 bullish trend (#USDT pair) 1: $ELA 2: $OPCT 3: $JAR 4: $LYM 5: $ERSDL  Ranking for KuCoin symbols not listed on Binance,en,[],[],[],0,0,1,"['btc', 'usdt']","['maha', 'neo', 'ela', 'opct', 'elf', 'ela', 'opct', 'jar', 'lym', 'ersdl']",https://twitter.com/DYORCryptoBot/status/1420119723073839104,False,,0,,,,,,,,[],,,,
1420119716266397704,1420119716266397704,2021-07-28 04:31:39 CST,2021-07-28,04:31:39,+0800,948551073387642880,dyorcryptobot,DYOR.net Dev & Bot,,[SCAN RESULTS - 15m - #BTC PAIR]  Binance top 5 bullish strength 1: $IOTA 2: $BCH 3: $HARD 4: $PIVX 5: $ARPA  Binance top 5 bullish reversal strength 1: $TFUEL 2: $ZRX 3: $XVG 4: $UNI 5: $SNGLS  All results for free on  https://t.co/vMSA8RwQ1G website!,en,[],['http://DYOR.net'],[],1,0,0,['btc'],"['iota', 'bch', 'hard', 'pivx', 'arpa', 'tfuel', 'zrx', 'xvg', 'uni', 'sngls']",https://twitter.com/DYORCryptoBot/status/1420119716266397704,False,,0,,,,,,,,[],,,,
1420119714907426819,1420119714907426819,2021-07-28 04:31:39 CST,2021-07-28,04:31:39,+0800,734563553852657665,arakaki_erika,Erika Arakaki,,$GHST üëª this coin is like $ALICE and $AXS and it goes for the $15-$20 (x15 or x20 easy) üî•üî•üî•üî• Get on the rocket right nowüöÄ  $ubx $vra $btc $eth $bnb $link $cake $burger $dot $doge $shib $axs $dego $comp $aave $sol $luna $kcs $skill $dpet $tower $maha $ai $tky $nord $xyo  https://t.co/pbVQyWsQMP,en,[],[],['https://pbs.twimg.com/media/E7VGlwuXoAMbNt9.png'],3,0,0,[],"['ghst', 'alice', 'axs', 'ubx', 'vra', 'btc', 'eth', 'bnb', 'link', 'cake', 'burger', 'dot', 'doge', 'shib', 'axs', 'dego', 'comp', 'aave', 'sol', 'luna', 'kcs', 'skill', 'dpet', 'tower', 'maha', 'ai', 'tky', 'nord', 'xyo']",https://twitter.com/arakaki_erika/status/1420119714907426819,False,,1,https://pbs.twimg.com/media/E7VGlwuXoAMbNt9.png,,,,,,,[],,,,
1420119712952881155,1420119712952881155,2021-07-28 04:31:38 CST,2021-07-28,04:31:38,+0800,1229837783730180097,ja______ma,Jabon,,#SP500 #DJ #QQQ #EUR #GOLD #WTI #BTC #ETH #BNB  https://t.co/FkphmKsN0D,und,[],[],['https://pbs.twimg.com/media/E7VHWpSWUAE_pcJ.png'],0,0,0,"['sp500', 'dj', 'qqq', 'eur', 'gold', 'wti', 'btc', 'eth', 'bnb']",[],https://twitter.com/Ja______Ma/status/1420119712952881155,False,,1,https://pbs.twimg.com/media/E7VHWpSWUAE_pcJ.png,,,,,,,[],,,,
1420119709366857737,1420105302171693062,2021-07-28 04:31:37 CST,2021-07-28,04:31:37,+0800,137654240,ncheron_bourse,Nicolas Ch√©ron,,@bellotric1 Quel rapport avec le BTC?,fr,[],[],[],0,0,0,[],[],https://twitter.com/NCheron_bourse/status/1420119709366857737,False,,0,,,,,,,,"[{'screen_name': 'bellotric1', 'name': 'bellot √©ric', 'id': '1227368498499813376'}]",,,,
1420119700617371650,1420119700617371650,2021-07-28 04:31:35 CST,2021-07-28,04:31:35,+0800,2159453065,bitcoinpressuk,BitcoinPress,,#CryptocurrencyNews #BTC Bitcoin price rises amid rumours Amazon could start accepting cryptocurrency payments | Watch News Videos Online ‚Äì  https://t.co/gJIpzWo3V5  https://t.co/tflTZibEKN,en,[],"['http://Globalnews.ca', 'https://bitcoinpress.co.uk/bitcoin-price-rises-amid-rumours-amazon-could-start-accepting-cryptocurrency-payments-watch-news-videos-online-globalnews-ca/?utm_source=dlvr.it&utm_medium=twitter&utm_campaign=bitcoin-price-rises-amid-rumours-amazon-could-start-accepting-cryptocurrency-payments-watch-news-videos-online-globalnews-ca']",[],1,0,0,"['cryptocurrencynews', 'btc']",[],https://twitter.com/bitcoinpressuk/status/1420119700617371650,False,,0,,,,,,,,[],,,,
1420119658234011655,1420119658234011655,2021-07-28 04:31:25 CST,2021-07-28,04:31:25,+0800,1284573941063974912,bearbullwhale,BEARWHALE üê≥,,"üêÆ BULLWHALE! just LONGED $6,280,410 worth of #Bitcoin #BTC at $38,020 on #Binance Futures",en,[],[],[],0,0,0,"['bitcoin', 'btc', 'binance']",[],https://twitter.com/BEARBULLWHALE/status/1420119658234011655,False,,0,,,,,,,,[],,,,
1420119657390952451,1420119657390952451,2021-07-28 04:31:25 CST,2021-07-28,04:31:25,+0800,1284573941063974912,bearbullwhale,BEARWHALE üê≥,,"üêÆ BULLWHALE! just LONGED $7,135,099 worth of #Bitcoin #BTC at $38,020 on #Binance Futures",en,[],[],[],0,0,0,"['bitcoin', 'btc', 'binance']",[],https://twitter.com/BEARBULLWHALE/status/1420119657390952451,False,,0,,,,,,,,[],,,,
1420119657281843200,1420119657281843200,2021-07-28 04:31:25 CST,2021-07-28,04:31:25,+0800,1086688639621316608,btc_orderalert,BTC Market Alertüö®,,"üêãüìâ„ÄêSell„Äë BTCUSDT QtyÔºö$6,280,409Ôºà165.1 BTCÔºâüê≥üê≥üê≥üê≥üê≥üê≥üê≥üê≥üê≥üê≥üê≥üê≥ PriceÔºö$38,020 [20:31:25 UTC] on Binance Futures",en,[],[],[],0,0,1,[],[],https://twitter.com/btc_orderalert/status/1420119657281843200,False,,0,,,,,,,,[],,,,
1420119656887554050,1420119656887554050,2021-07-28 04:31:25 CST,2021-07-28,04:31:25,+0800,1086688639621316608,btc_orderalert,BTC Market Alertüö®,,"üêãüìâ„ÄêSell„Äë BTCUSDT QtyÔºö$7,135,099Ôºà187.6 BTCÔºâüê≥üê≥üê≥üê≥üê≥üê≥üê≥üê≥üê≥üê≥üê≥üê≥üê≥üê≥ PriceÔºö$38,020 [20:31:25 UTC] on Binance Futures",en,[],[],[],0,0,1,[],[],https://twitter.com/btc_orderalert/status/1420119656887554050,False,,0,,,,,,,,[],,,,
1420119622276239360,1420118406653693954,2021-07-28 04:31:17 CST,2021-07-28,04:31:17,+0800,1339814061203218433,goldesco,OnlyBlue,,@micetoken great. We are following this beautiful project.  @micetoken @bitcoin @eth,en,"[{'screen_name': 'micetoken', 'name': 'mice token', 'id': '1394381471557816322'}, {'screen_name': 'bitcoin', 'name': 'bitcoin', 'id': '357312062'}, {'screen_name': 'eth', 'name': 'eth z√ºrich', 'id': '202806809'}]",[],[],0,0,0,[],[],https://twitter.com/GoldesCo/status/1420119622276239360,False,,0,,,,,,,,"[{'screen_name': 'micetoken', 'name': 'Mice Token', 'id': '1394381471557816322'}]",,,,
1420119620946694148,1420090044967051264,2021-07-28 04:31:16 CST,2021-07-28,04:31:16,+0800,796365972701609984,mikegeorgejones,ZenMasterJ üá∫üá∏ ‚ì£,,"@dragrty @SupremeExplorer @investvoyager @Ehrls15 How many bought #BTC at $60K plus with money they cant afford to lose? Even the stock market in the US hitting ATH with a dumb ass president doing everything he can to turn into a communist country.  In the meantime, #BTC pumps &amp; moon boys wake up only for it to shit the next day",en,[],[],[],0,0,0,"['btc', 'btc']",[],https://twitter.com/MikeGeorgeJones/status/1420119620946694148,False,,0,,,,,,,,"[{'screen_name': 'dragrty', 'name': 'Apollo', 'id': '2330022576'}, {'screen_name': 'SupremeExplorer', 'name': 'VGX Wonder Woman', 'id': '1414317880582164486'}, {'screen_name': 'investvoyager', 'name': 'Voyager', 'id': '976124518065373184'}, {'screen_name': 'Ehrls15', 'name': 'Stephen Ehrlich', 'id': '19454060'}]",,,,
1420119614244130817,1419321390193389569,2021-07-28 04:31:15 CST,2021-07-28,04:31:15,+0800,1280994544214032385,cryptoeric2,CryptoEric,,"@ZORK780 I love your updates üí™ was looking at the same chart a couple of hours ago. So many indicators are bullish and honestly, i think it will be difficult to sell this fundamental coin once it rips. Looking at the btc pair, easy 5x to start...",en,[],[],[],0,0,0,[],[],https://twitter.com/CryptoEric2/status/1420119614244130817,False,,0,,,,,,,,"[{'screen_name': 'ZORK780', 'name': 'ZORK \U0001f90c', 'id': '1034943322668888068'}]",,,,
1420119612780318725,1420119612780318725,2021-07-28 04:31:14 CST,2021-07-28,04:31:14,+0800,1143332297963237376,b055lady_elle,üá∫üá≤üáÆüáπ3‚Ñì‚Ñì3üáµüáπüá™üá∫,,$poodl is a #diamondhands zone  Growth Connections Collaborations NFTs Games Merch Nikes And our beautiful charity @K94Kids  Vetted &amp; trusted for the long term #HODL  @POODLETOKEN  #ElonMusk #BSCGems #bnb #btc #poodlparty  You'll ‚ù§Ô∏èthis üê©  https://t.co/NGZzCjDQtC  https://t.co/FAdJdRmcNj,en,"[{'screen_name': 'k94kids', 'name': 'cdk', 'id': '2337015236'}, {'screen_name': 'poodletoken', 'name': '$poodl', 'id': '1370707605702729732'}]",['http://T.me/poodl'],['https://pbs.twimg.com/tweet_video_thumb/E7VHP2xXsAENg3a.jpg'],0,0,0,"['diamondhands', 'hodl', 'elonmusk', 'bscgems', 'bnb', 'btc', 'poodlparty']",['poodl'],https://twitter.com/B055Lady_Elle/status/1420119612780318725,False,,1,https://pbs.twimg.com/tweet_video_thumb/E7VHP2xXsAENg3a.jpg,,,,,,,[],,,,
1420119611484291077,1420119611484291077,2021-07-28 04:31:14 CST,2021-07-28,04:31:14,+0800,1405803419798024197,gorillacrypto7,Gorilla Crypto,,#gorillaCrypto #btc #money #ethereum #bitcoinmining #trading #defi #ripple #cryptotrading #altcoin #trade ü¶ß JOIN ‚Üí  https://t.co/GOY3vQWRBI  https://t.co/rTmwcFF7n5,en,[],['https://t.me/gorilla_crypto'],['https://pbs.twimg.com/media/E7VHQrrXEAQAvd3.jpg'],0,0,0,"['gorillacrypto', 'btc', 'money', 'ethereum', 'bitcoinmining', 'trading', 'defi', 'ripple', 'cryptotrading', 'altcoin', 'trade']",[],https://twitter.com/GorillaCrypto7/status/1420119611484291077,False,,1,https://pbs.twimg.com/media/E7VHQrrXEAQAvd3.jpg,,,,,,,[],,,,
1420119606900011013,1417880274487087108,2021-07-28 04:31:13 CST,2021-07-28,04:31:13,+0800,1353638875915313152,memes_bob_tuit,MemesBobüí´,,@Cashbro303 Yo solo tengo cartera de BCH y BTC dado que en Cuba no se puede usar paypal  bitcoincash:qzkwal9cyddwe2582lwzpx33hs0t5xrfeu5w4k9e6w  bitcoin:1GmPX7hf6qLuLx4LZq8tDEMj4pJneB1VE5  :(,in,[],[],[],0,0,0,[],[],https://twitter.com/memes_bob_tuit/status/1420119606900011013,False,,0,,,,,,,,"[{'screen_name': 'Cashbro303', 'name': 'Cash‚Çøroüî•', 'id': '971758988281835520'}]",,,,
1420119601493516289,1420119601493516289,2021-07-28 04:31:12 CST,2021-07-28,04:31:12,+0800,954635676082941953,criptopasion,CriptoPasion.com,,Corea del Sur rechaza los intercambios de criptomonedas extranjeros de su territorio -  https://t.co/DlqyaqDaAq #cryptocurrencies #criptomonedas #bitcoin #btc,es,[],['https://criptopasion.com/corea-del-sur-rechaza-los-intercambios-de-criptomonedas-extranjeros-de-su-territorio/'],[],0,0,0,"['cryptocurrencies', 'criptomonedas', 'bitcoin', 'btc']",[],https://twitter.com/CriptoPasion/status/1420119601493516289,False,,0,,,,,,,,[],,,,
1420119601409630212,1420119601409630212,2021-07-28 04:31:12 CST,2021-07-28,04:31:12,+0800,1261844660470808578,bitcoinconfs,Bitcoin Confirms,,"Block 692959 Hash: 0x...062dd1876b1bef4bb1320b232e5ef38f07718813cef668 Size: 2.01MB, 3993272 WU, 100% full Txs: 1,252 SegWit spends: 74% 6,737 in ‚Üí 3,866 out Out/In Ratio: 0.57 Out Value: $1,833,146,408 | 48,846 btc  https://t.co/1UjIAnrp1L",en,[],[],['https://pbs.twimg.com/media/E7VHQFWWQAAdWCl.png'],0,0,0,[],[],https://twitter.com/BitcoinConfs/status/1420119601409630212,False,,1,https://pbs.twimg.com/media/E7VHQFWWQAAdWCl.png,,,,,,,[],,,,
1420119596556824576,1420119596556824576,2021-07-28 04:31:11 CST,2021-07-28,04:31:11,+0800,2281314234,bitcoinagile,BitcoinAgile,,Bullish  for BINANCE:BTCUSDTPERP by humorousMeerka20507 #Bitcoin $BTC  https://t.co/3bq3305wdC  https://t.co/QrtmL9QOHG,en,[],['https://www.tradingview.com/chart/BTCUSDTPERP/8KIq2FnZ-Bullish/?offer_id=10&aff_id=5962'],['https://pbs.twimg.com/media/E7VHP21XIAYIcAJ.jpg'],0,0,1,['bitcoin'],['btc'],https://twitter.com/bitcoinagile/status/1420119596556824576,False,,1,https://pbs.twimg.com/media/E7VHP21XIAYIcAJ.jpg,,,,,,,[],,,,
1420119585408180226,1420119585408180226,2021-07-28 04:31:08 CST,2021-07-28,04:31:08,+0800,1409037384751017984,poppobot4,poppo_bot,,BTC now price: 4178681JPY.,en,[],[],[],0,0,0,[],[],https://twitter.com/poppobot4/status/1420119585408180226,False,,0,,,,,,,,[],,,,
1420119582770094090,1420119582770094090,2021-07-28 04:31:07 CST,2021-07-28,04:31:07,+0800,1327791520955703297,hoozcpr,https://www.urlatlas.info/,, https://t.co/rD4kXjmPLx  #BTC #blockchain #cryptocurrency #crypto #ethereum #ICO #fintech #news #dogecoin  https://t.co/rD4kXjmPLx  #BTC #blockchain #cryptocurrency #crypto #ethereum #ICO #fintech #news #dogecoin,und,[],"['http://get.cryptobrowser.site/20780745', 'http://get.cryptobrowser.site/20780745']",[],2,0,1,"['btc', 'blockchain', 'cryptocurrency', 'crypto', 'ethereum', 'ico', 'fintech', 'news', 'dogecoin', 'btc', 'blockchain', 'cryptocurrency', 'crypto', 'ethereum', 'ico', 'fintech', 'news', 'dogecoin']",[],https://twitter.com/hoozcpr/status/1420119582770094090,False,,0,,,,,,,,[],,,,
1420119579553157121,1420096115639214094,2021-07-28 04:31:06 CST,2021-07-28,04:31:06,+0800,1273010931187027976,1e9petrichor,1e9petrichor,,"@deyonte_btc Now that‚Äôs a tough call‚Ä¶ Henry was awesome at Arsenal, remember when he sat Carra on his ass‚Ä¶ and if you ask him the one team he woulda liked to play for he said LFC",en,[],[],[],1,0,0,[],[],https://twitter.com/1e9petrichor/status/1420119579553157121,False,,0,,,,,,,,"[{'screen_name': 'deyonte_btc', 'name': 'deyont√© üáØüá≤üáßüáßüáÆüá≥', 'id': '1010838965702856704'}]",,,,
1420119551476436996,1420119551476436996,2021-07-28 04:31:00 CST,2021-07-28,04:31:00,+0800,2422590972,exmo_com,EXMO,,#cryptomemes #btc #crypto #halving #cryptocurrency  https://t.co/Ny20NRPwRK,und,[],[],['https://pbs.twimg.com/media/E7UeDmDWEAg-9ay.jpg'],0,0,0,"['cryptomemes', 'btc', 'crypto', 'halving', 'cryptocurrency']",[],https://twitter.com/Exmo_Com/status/1420119551476436996,False,,1,https://pbs.twimg.com/media/E7UeDmDWEAg-9ay.jpg,,,,,,,[],,,,
1420119551463804928,1420119551463804928,2021-07-28 04:31:00 CST,2021-07-28,04:31:00,+0800,161894615,cristinacoach,Cristina Diaz,,"365 Days Trading Journal For Women Trading Diary Trading Log 370 Pages, Fo...  https://t.co/hNL9OykRBF a trav√©s de  @amazonmex  #BNB #trading #tradingdiary #Airdrop #Binance  #Bitcoin  #BakerySwap #tradingjournal  #cryptocurrency #NFT #DeFi #BTC  #BinanceSmartChain  #BSC",en,"[{'screen_name': 'amazonmex', 'name': 'amazon m√©xico', 'id': '2910407244'}]",['https://amazon.com/dp/B0918RL1D6/ref=cm_sw_r_tw_dp_51MTKCSZ0MFJZXB2PB56?_encoding=UTF8&psc=1'],[],0,0,0,"['bnb', 'trading', 'tradingdiary', 'airdrop', 'binance', 'bitcoin', 'bakeryswap', 'tradingjournal', 'cryptocurrency', 'nft', 'defi', 'btc', 'binancesmartchain', 'bsc']",[],https://twitter.com/cristinacoach/status/1420119551463804928,False,,0,,,,,,,,[],,,,
1420119546493652999,1420119546493652999,2021-07-28 04:30:59 CST,2021-07-28,04:30:59,+0800,1284573941063974912,bearbullwhale,BEARWHALE üê≥,,"üêÆ BULLWHALE! just LONGED $4,742,159 worth of #Bitcoin #BTC at $38,020 on #Binance Futures",en,[],[],[],0,0,0,"['bitcoin', 'btc', 'binance']",[],https://twitter.com/BEARBULLWHALE/status/1420119546493652999,False,,0,,,,,,,,[],,,,
1420119545591721986,1420119545591721986,2021-07-28 04:30:58 CST,2021-07-28,04:30:58,+0800,1086688639621316608,btc_orderalert,BTC Market Alertüö®,,"üêãüìâ„ÄêSell„Äë BTCUSDT QtyÔºö$4,742,158Ôºà124.7 BTCÔºâüê≥üê≥üê≥üê≥üê≥üê≥üê≥üê≥üê≥ PriceÔºö$38,020 [20:30:58 UTC] on Binance Futures",en,[],[],[],0,0,1,[],[],https://twitter.com/btc_orderalert/status/1420119545591721986,False,,0,,,,,,,,[],,,,
1420119543431770113,1420098431524118528,2021-07-28 04:30:58 CST,2021-07-28,04:30:58,+0800,956037321035603971,ohhaiandy,Your Friend Andy,,"@BackpackerFI I'll hit crypto millionaire status a bit before $100k BTC, but if it goes to $0 (it won't) I'll lose 35% of the net worth.  Not a small hit, but certainly survivable, and I'm very comfortable with my choice for level of risk.  Two of my biggest single buys were between $4-$6k",en,[],[],[],0,0,0,[],[],https://twitter.com/OhHaiAndy/status/1420119543431770113,False,,0,,,,,,,,"[{'screen_name': 'BackpackerFI', 'name': 'Danny Baldus-Strauss', 'id': '85663573'}]",,,,
1420119541103931400,1420119541103931400,2021-07-28 04:30:57 CST,2021-07-28,04:30:57,+0800,1418672728664576006,caboutineed,IDCaboutProjectIneed¬£¬£,,"@ShytoshiKusama me lord‚Ä¶..may I ask you your greatness, why is over 80% of the supply gone and we not eating zeros?? All that BTC bs I know. But still the price should rise a little at least not dropped more?",en,[],[],[],0,0,0,[],[],https://twitter.com/CaboutIneed/status/1420119541103931400,False,,0,,,,,,,,[],,,,
1420119537022750723,1420031506156638208,2021-07-28 04:30:56 CST,2021-07-28,04:30:56,+0800,1348822433726226435,breakoutsecured,Breakout Securities,,@Bitcoin Learn how to trade crypto in my group! Link in my bio! üöÄüí∞,en,[],[],[],0,0,0,[],[],https://twitter.com/breakoutsecured/status/1420119537022750723,False,,0,,,,,,,,"[{'screen_name': 'Bitcoin', 'name': 'Bitcoin', 'id': '357312062'}]",,,,
1420119534858551301,1420119534858551301,2021-07-28 04:30:56 CST,2021-07-28,04:30:56,+0800,957747000241479684,raskolnikov201,raskolnikov,,√ñmer iyi √ßocuktu ama fena bir kusuru vardƒ±... ƒ∞nsanlara fazla g√ºveniyordu.Sƒ±rf seviyor diye onlarƒ± tanƒ±dƒ±ƒüƒ±nƒ± zannediyordu.Eƒüer geri d√∂n√ºp s√∂yleyebilseydim s√∂ylerdim. √ñmer derdim her ihanet sevgi ile ba≈ülar. #BTC  https://t.co/OJuHadv7jG,tr,[],[],[],0,0,0,['btc'],[],https://twitter.com/raskolnikov201/status/1420119534858551301,False,,1,https://pbs.twimg.com/ext_tw_video_thumb/1420119492328411136/pu/img/m2Ovi4W0SOHG2VjL.jpg,,,,,,,[],,,,
1420119527270932484,1420119527270932484,2021-07-28 04:30:54 CST,2021-07-28,04:30:54,+0800,25577860,mattysats,Matty Sats,,üí•CRYPTO TWITTER UPDATE  powered by: @QE4Everyone   #BTC #FUD ALERT üö®   @SenWarren on @SquawkCNBC tomorrow.   @andrewrsorkin @JoeSquawk @CNBC I dare you to have @SenLummis @CynthiaMLummis on to offer her perspective. üí•  https://t.co/A5X8ybTttt,en,"[{'screen_name': 'qe4everyone', 'name': 'quantum economics', 'id': '1223056821037957120'}, {'screen_name': 'senwarren', 'name': 'elizabeth warren', 'id': '970207298'}, {'screen_name': 'squawkcnbc', 'name': 'squawk box', 'id': '404422077'}, {'screen_name': 'andrewrsorkin', 'name': 'andrew ross sorkin', 'id': '33792634'}, {'screen_name': 'joesquawk', 'name': 'joe kernen', 'id': '553036368'}, {'screen_name': 'cnbc', 'name': 'cnbc', 'id': '20402945'}, {'screen_name': 'senlummis', 'name': 'senator cynthia lummis', 'id': '22831059'}, {'screen_name': 'cynthiamlummis', 'name': 'cynthia lummis \U0001f9ac', 'id': '1136711154435207168'}]",[],[],0,1,1,"['btc', 'fud']",[],https://twitter.com/mattysats/status/1420119527270932484,False,,1,https://pbs.twimg.com/ext_tw_video_thumb/1420119245883543555/pu/img/oW7nsHcXeZE6iXVH.jpg,,,,,,,[],,,,
1420119526428090369,1420119526428090369,2021-07-28 04:30:54 CST,2021-07-28,04:30:54,+0800,1197637831407161346,btc_blockbot,‚ÇøTC ‚Çølock‚Çøot,,"BTC Latest Block Info: Block 692959 holds 1,252 transactions for a total of 48,845.99974 Bitcoin including Block Reward. Block Size 2,008,915 Bytes",en,[],[],[],0,0,0,[],[],https://twitter.com/btc_blockbot/status/1420119526428090369,False,,0,,,,,,,,[],,,,
1420119505116749836,1420119505116749836,2021-07-28 04:30:49 CST,2021-07-28,04:30:49,+0800,3110384025,bitcoinblockntf,BitcoinBlockNotifier,,"-=[ 692959 ]=-  Txs: 1252 Time: 27/07/2021, 21:30:15 WEST Version: 0x2000e004  Size: 2008.915 KB Weight: 3993.604 KWU  Reward: 6.34472393 BTC MedianFee: 7.65 sats  Coinbase ScriptSig: lammvBYt)UjR$,A+dBbinance/or800XA@WSEhyPWhj  Miner Signal: bit2 (Taproot)  Mempool: 419 txs",en,[],[],[],0,0,0,[],[],https://twitter.com/BitcoinBlockNtf/status/1420119505116749836,False,,0,,,,,,,,[],,,,
1420119504772866049,1420119411411853312,2021-07-28 04:30:49 CST,2021-07-28,04:30:49,+0800,1403649137325838338,brcuwu,AndrejoXBT,,@zerohedge yet no btc sadface,en,[],[],[],0,0,1,[],[],https://twitter.com/BrcUwu/status/1420119504772866049,False,,0,,,,,,,,"[{'screen_name': 'zerohedge', 'name': 'zerohedge', 'id': '18856867'}]",,,,
1420119479653179396,1419885265242501129,2021-07-28 04:30:43 CST,2021-07-28,04:30:43,+0800,4417586416,magcartbarons,JWH,,@NFTYoutube @BitcoinMagazine Because BTC maxis make sacrifices in the fight for sound money and what is more of one than one‚Äôs very ‚Äújewels?‚Äù Plus it‚Äôs funny.,en,[],[],[],0,0,0,[],[],https://twitter.com/magcartbarons/status/1420119479653179396,False,,0,,,,,,,,"[{'screen_name': 'NFTYoutube', 'name': 'NFT Daily', 'id': '812587632001765376'}, {'screen_name': 'BitcoinMagazine', 'name': 'Bitcoin Magazine', 'id': '361289499'}]",,,,
1420119450183819265,1420119450183819265,2021-07-28 04:30:36 CST,2021-07-28,04:30:36,+0800,3509078064,cryptocharts,CryptoCharts,,Thoughts on $BTC #Bitcoin! See humorousMeerka20507's idea on TradingView below.  https://t.co/pFZayRIHxu Trade it here:  https://t.co/haK6TQGbkx,en,[],"['https://www.tradingview.com/chart/BTCUSDTPERP/8KIq2FnZ-Bullish/?offer_id=10&aff_id=5962', 'https://ftx.us/#a=cryptocharts']",[],0,0,1,['bitcoin'],['btc'],https://twitter.com/cryptocharts/status/1420119450183819265,False,,0,,,,,,,,[],,,,
1420119439618592771,1420119439618592771,2021-07-28 04:30:33 CST,2021-07-28,04:30:33,+0800,1351282646341582852,xrpchilldaddy,CryptoChillDaddy,,Check Roger $BTC #bitcoin #bullish  https://t.co/ih83DFLuRq,en,[],[],"['https://pbs.twimg.com/media/E7VHGWhXoAIzgRe.jpg', 'https://pbs.twimg.com/media/E7VHGotXsAMtX8L.jpg']",1,1,2,"['bitcoin', 'bullish']",['btc'],https://twitter.com/XRPChillDaddy/status/1420119439618592771,False,,1,https://pbs.twimg.com/media/E7VHGWhXoAIzgRe.jpg,,,,,,,[],,,,
1420119431737454593,1420119431737454593,2021-07-28 04:30:31 CST,2021-07-28,04:30:31,+0800,1401942296434810892,investc87613268,InvestCrypto,,"Thanks to @Dimond_Boots üí∏  Back in April, he predicted a sharp correction in the entire $BTC sea!  SUBSCRIBE  üí∞  @Dimond_Boots üöÄ  $sgo $amp $sww $zum $sps $bcn $ddr $poodl $leos $dnd $bdot $ug $lud $amc $itam $btc $okt $crd $air $tlm $wspp $chi $fxt $doge $cvag $zild $maka  https://t.co/DJTHDPlZgG",en,"[{'screen_name': 'dimond_boots', 'name': 'someone of alt street', 'id': '59989980'}, {'screen_name': 'dimond_boots', 'name': 'someone of alt street', 'id': '59989980'}]",[],['https://pbs.twimg.com/media/E7VHFroWUA42s1h.png'],0,0,0,[],"['btc', 'sgo', 'amp', 'sww', 'zum', 'sps', 'bcn', 'ddr', 'poodl', 'leos', 'dnd', 'bdot', 'ug', 'lud', 'amc', 'itam', 'btc', 'okt', 'crd', 'air', 'tlm', 'wspp', 'chi', 'fxt', 'doge', 'cvag', 'zild', 'maka']",https://twitter.com/InvestC87613268/status/1420119431737454593,False,,1,https://pbs.twimg.com/media/E7VHFroWUA42s1h.png,,,,,,,[],,,,
1420119402981306376,1420119402981306376,2021-07-28 04:30:24 CST,2021-07-28,04:30:24,+0800,1103913477515571200,bitcoinblockbot,Bitcoin,,"Block #: 692,958  Time: 7/27/2021, 8:22:20 PM UTC  Avg Block Time: 10.000 minutes  Halving in: 147042 blocks (est at 5/13/2024, 11:22:20 PM UTC)  Transactions: 66  Block Value: 117.82 BTC  Supply: 18,768,487.5 BTC (89.37375% issued)  Price: $38305.32",en,[],[],[],0,0,0,[],[],https://twitter.com/BitcoinBlockBot/status/1420119402981306376,False,,0,,,,,,,,[],,,,
1420119393967644672,1420119393967644672,2021-07-28 04:30:22 CST,2021-07-28,04:30:22,+0800,14161068,jpy,JPY,,"USD: 109.730 EUR: 129.700 GBP: 152.310 AUD:  80.780 NZD:  76.372 CNY:  16.851 CHF: 120.020 BTC: 4,179,474 ETH: 246,500 Tue Jul 27  20:30 GMT",en,[],[],[],0,0,0,[],[],https://twitter.com/jpy/status/1420119393967644672,False,,0,,,,,,,,[],,,,
1420119391480463360,1420119391480463360,2021-07-28 04:30:22 CST,2021-07-28,04:30:22,+0800,4901525093,tradingeveryone,Trading for Everyone,,üìà El MARTES 10 de AGOSTO Comienza Ultima Edici√≥n en VIVO 2021 del Curso: TRADING CON CRIPTOMONEDAS + FUNDAMENTOS DE CRIPTOMONEDAS. - Martes y Jueves 19:30hs - (Online) Comenta INFO para mas Informaci√≥n!  #Bitcoin #curso #Criptomonedas #ethereum $btc $btcusd  https://t.co/A25HupvHaK,es,[],[],['https://pbs.twimg.com/media/E7VG1qhWYAI2Sx6.jpg'],1,0,0,"['bitcoin', 'curso', 'criptomonedas', 'ethereum']","['btc', 'btcusd']",https://twitter.com/TradingEveryone/status/1420119391480463360,False,,1,https://pbs.twimg.com/media/E7VG1qhWYAI2Sx6.jpg,,,,,,,[],,,,
1420119391111426055,1420098431524118528,2021-07-28 04:30:22 CST,2021-07-28,04:30:22,+0800,1264372347592675328,lifetimefinanc1,Lifetime Financial,,"@BackpackerFI That‚Äôs the power of buying and holding (5 BTC at $2900). I would also argue that if the fundamentals of BTC keep looking better and it hits $100k, there is a higher likelihood BTC will extend a lot higher than $100k. In other words, the upside is still essentially unlimited",en,[],[],[],0,0,0,[],[],https://twitter.com/LifetimeFinanc1/status/1420119391111426055,False,,0,,,,,,,,"[{'screen_name': 'BackpackerFI', 'name': 'Danny Baldus-Strauss', 'id': '85663573'}]",,,,
1420119384408739840,1420114140979335171,2021-07-28 04:30:20 CST,2021-07-28,04:30:20,+0800,108551498,teddy_zhu_,Teddy Atreides Zhu,,"@nf4mation I hope this amazing project will be successful and then it becomes one of the best crypto, I am enthusiast about participating in this and also supporting this project   @tuputupu_k @haepness @AhmadAz92460567  #bitcoin #ethereum #cryptocurrency #blockchain #btc #iNf4mation",en,"[{'screen_name': 'tuputupu_k', 'name': 'f', 'id': '844784276268728321'}, {'screen_name': 'haepness', 'name': 'haepness', 'id': '1389975706621251588'}, {'screen_name': 'ahmadaz92460567', 'name': 'ahmad aziz', 'id': '1361365024850075650'}]",[],[],0,0,0,"['bitcoin', 'ethereum', 'cryptocurrency', 'blockchain', 'btc', 'inf4mation']",[],https://twitter.com/teddy_zhu_/status/1420119384408739840,False,,0,,,,,,,,"[{'screen_name': 'nf4mation', 'name': 'iNf4mation', 'id': '1012626486996750336'}]",,,,
1420119378125893643,1420119378125893643,2021-07-28 04:30:18 CST,2021-07-28,04:30:18,+0800,1419763259620659201,kucukkripto9,K√º√ß√ºk ƒ∞≈ülemler Kripto,,"Appreciate to @Dimond_Boots üí∏  Back in April, he predicted a huge drop in the whole $BTC sea!  SUBSCRIBE  üí¥  @Dimond_Boots üöÄ  $melo $doge $kclp $bpb $ug $sand $buni $busd $zum $iotx $slp $brg $star $dexf $rage $safu $exmr $vnt $crdn $must $wild $sat $dot $tsc $sgo $itam $sww  https://t.co/hGGnqJZenW",en,"[{'screen_name': 'dimond_boots', 'name': 'someone of alt street', 'id': '59989980'}, {'screen_name': 'dimond_boots', 'name': 'someone of alt street', 'id': '59989980'}]",[],['https://pbs.twimg.com/media/E7VHCM9WEAkaHK1.png'],0,0,0,[],"['btc', 'melo', 'doge', 'kclp', 'bpb', 'ug', 'sand', 'buni', 'busd', 'zum', 'iotx', 'slp', 'brg', 'star', 'dexf', 'rage', 'safu', 'exmr', 'vnt', 'crdn', 'must', 'wild', 'sat', 'dot', 'tsc', 'sgo', 'itam', 'sww']",https://twitter.com/KucukKripto9/status/1420119378125893643,False,,1,https://pbs.twimg.com/media/E7VHCM9WEAkaHK1.png,,,,,,,[],,,,
1420119372652322819,1420109865498734592,2021-07-28 04:30:17 CST,2021-07-28,04:30:17,+0800,268414709,fernandorvm,Fernando Rojo de la Vega,,"@stacksaurus @winbtcctbniw @Croesus_BTC Yep, seems like the only way to be safe around that paradox.  https://t.co/EjOnTSzOZd",en,[],[],['https://pbs.twimg.com/tweet_video_thumb/E7VHCdvWQAU0307.jpg'],0,0,1,[],[],https://twitter.com/FernandoRVM/status/1420119372652322819,False,,1,https://pbs.twimg.com/tweet_video_thumb/E7VHCdvWQAU0307.jpg,,,,,,,"[{'screen_name': 'stacksaurus', 'name': 'Lord Reposaurus', 'id': '1171184657611788288'}, {'screen_name': 'winbtcctbniw', 'name': 'Overton Windshield', 'id': '1371874127854727168'}, {'screen_name': 'Croesus_BTC', 'name': 'Croesus üî¥', 'id': '892945654451851265'}]",,,,
1420119372442525707,1420119372442525707,2021-07-28 04:30:17 CST,2021-07-28,04:30:17,+0800,1081257255717212160,offershodlhodl,Hodl Hodl Offers,,Sell between 300.0 and 750.0 EUR worth of BTC at 32641.65 EUR  Payment methods: Fidor Bank  Location: Anywhere  Link:  https://t.co/TqjbPKxplT  üö® Price is above the market,en,[],['http://hodlhodl.com/offers/tKwcW7RwkTOKapDF'],[],0,0,0,[],[],https://twitter.com/offershodlhodl/status/1420119372442525707,False,,0,,,,,,,,[],,,,
1420119371842670592,1418556998094704641,2021-07-28 04:30:17 CST,2021-07-28,04:30:17,+0800,321150965,destianizm,destian üé∞,,@jaemcityx @Warrior7_1 @BTC_NFT @CryptoRisHad @CryptoZeinab  https://t.co/mkLt01sX52,und,[],[],"['https://pbs.twimg.com/media/E7VG_tJVkAEWWn-.jpg', 'https://pbs.twimg.com/media/E7VHAizVkAEhl-u.jpg', 'https://pbs.twimg.com/media/E7VHBSSUcAEjzj8.jpg', 'https://pbs.twimg.com/media/E7VHCGEVEAIVVXU.jpg']",0,0,0,[],[],https://twitter.com/destianizm/status/1420119371842670592,False,,1,https://pbs.twimg.com/media/E7VG_tJVkAEWWn-.jpg,,,,,,,"[{'screen_name': 'jaemcityx', 'name': 'jihan ‚ú∞', 'id': '1337308835468386304'}, {'screen_name': 'Warrior7_1', 'name': '·é≥·é™·èí·èí·é•·éæ·èí', 'id': '889916636593041408'}, {'screen_name': 'BTC_NFT', 'name': 'Symdroid', 'id': '1286249381155479553'}, {'screen_name': 'CryptoRisHad', 'name': 'RisHad', 'id': '1114538838079102976'}]",,,,
1420119368550141953,1420119368550141953,2021-07-28 04:30:16 CST,2021-07-28,04:30:16,+0800,32386333,constantiaoomen,‚ÑÖ,,#India to use #Ethereum #blockchain to verify diploma certificates   https://t.co/vLHbXMZ0AE via @cointelegraph #Crypto #BTC #Bitcoin,es,"[{'screen_name': 'cointelegraph', 'name': 'cointelegraph', 'id': '2207129125'}]",['https://cointelegraph.com/news/india-to-use-ethereum-blockchain-to-verify-diploma-certificates/amp'],[],0,0,0,"['india', 'ethereum', 'blockchain', 'crypto', 'btc', 'bitcoin']",[],https://twitter.com/constantiaoomen/status/1420119368550141953,False,,0,,,,,,,,[],,,,
1420119368210518023,1419972212896014357,2021-07-28 04:30:16 CST,2021-07-28,04:30:16,+0800,1361223679456256000,orangecoingood4,OrangeCoinGood,,@spinte8 @BuzzLightyearz_ @gregzaj1 @swedetoshi @martys_owl @BTCGandalf @labrahodl10 @Cryptic_Oz @CHAIRFORCE_BTC @r0ckstardev @plan_marcus @HillebrandMax You didn't spelling mistake.,en,[],[],[],0,0,0,[],[],https://twitter.com/OrangeCoinGood4/status/1420119368210518023,False,,0,,,,,,,,"[{'screen_name': 'spinte8', 'name': 'Spinte.HODL ‚àû/21M üçØü¶°üåã ""Religious zealot""', 'id': '1176792012806336512'}, {'screen_name': 'BuzzLightyearz_', 'name': 'Buzz Lightyear üè¥\u200d‚ò†Ô∏è', 'id': '901013608242532352'}, {'screen_name': 'gregzaj1', 'name': 'GregZaj‚ò£', 'id': '33973885'}, {'screen_name': 'swedetoshi', 'name': 'swedetoshi', 'id': '955211548984823808'}, {'screen_name': 'martys_owl', 'name': 'Marty‚Äôs Owl', 'id': '1270524696468094977'}, {'screen_name': 'BTCGandalf', 'name': '‚Çøitcoin Shadowy Super-Gandalf', 'id': '1359483955695681538'}, {'screen_name': 'labrahodl10', 'name': 'ALL CAPS LABRAHODL 39pts \U0001f7e9 0.21.1', 'id': '1403387815468093441'}, {'screen_name': 'Cryptic_Oz', 'name': 'AussieOnBoard ü•Ç', 'id': '971597452854702080'}, {'screen_name': 'CHAIRFORCE_BTC', 'name': '‚ÑÇ‚Ñçùî∏ùïÄ‚ÑùùîΩùïÜ‚Ñù‚ÑÇùîº ü¶°', 'id': '1312543931582869504'}, {'screen_name': 'r0ckstardev', 'name': 'Uncle Rockstar', 'id': '963431873442648064'}, {'screen_name': 'plan_marcus', 'name': 'Plan Marcus ‚ò£Ô∏è‚ö°Ô∏è', 'id': '1268294621748174848'}, {'screen_name': 'HillebrandMax', 'name': 'max hillebrand üè¥\u200d‚ò†Ô∏è towardsliberty.com', 'id': '115711647'}]",,,,
1420119363949109254,1419394809295429634,2021-07-28 04:30:15 CST,2021-07-28,04:30:15,+0800,1128305279886610432,thebest22846678,HEDRA,,@SAFEDOGE7 @elonmusk   @cz_binance   @Bitcoin   @dogecoin   @Airdropalertcom   @binance   @bscgems  @poocoinapp  @cryptogem   @flor  @FabriLemus7  @CryptoFinally  @cryptodog  @jrnycrypto  @RealVision   @cryptoyoda  @larkdavis  @CryptoKaleo  @khloe  @mycrypto  @Nicholacrypto  @TheMoonCarl,und,"[{'screen_name': 'cz_binance', 'name': 'cz üî∂ binance', 'id': '902926941413453824'}, {'screen_name': 'bitcoin', 'name': 'bitcoin', 'id': '357312062'}, {'screen_name': 'dogecoin', 'name': 'dogecoin', 'id': '2235729541'}, {'screen_name': 'airdropalertcom', 'name': 'airdropalert.com | earn crypto - defi airdrops', 'id': '918488105794932737'}, {'screen_name': 'binance', 'name': 'binance', 'id': '877807935493033984'}, {'screen_name': 'bscgems', 'name': 'bscgems üíé', 'id': '1313314902791069697'}, {'screen_name': 'poocoinapp', 'name': 'poo coin gemsüíé', 'id': '1190590957126701056'}, {'screen_name': 'cryptogem', 'name': 'cryptogem', 'id': '4040081952'}, {'screen_name': 'flor', 'name': 'f l o r', 'id': '2549087533'}, {'screen_name': 'fabrilemus7', 'name': 'fabri crypto', 'id': '4804114077'}, {'screen_name': 'cryptofinally', 'name': 'cryptofinally üí´', 'id': '1042176455088726016'}, {'screen_name': 'cryptodog', 'name': 'cryptodog', 'id': '17274577'}, {'screen_name': 'jrnycrypto', 'name': 'jrny crypto', 'id': '952087880918228992'}, {'screen_name': 'realvision', 'name': 'real vision', 'id': '2320755170'}, {'screen_name': 'cryptoyoda', 'name': 'cryptoyoda', 'id': '2309684232'}, {'screen_name': 'larkdavis', 'name': 'davis  lark', 'id': '3250602801'}, {'screen_name': 'cryptokaleo', 'name': 'k a l e o', 'id': '906234475604037637'}, {'screen_name': 'khloe', 'name': 'khlo√´ üá®üá¶ crypto queen üë∏üèº', 'id': '42213904'}, {'screen_name': 'mycrypto', 'name': 'mycrypto.com', 'id': '963619699157221376'}, {'screen_name': 'nicholacrypto', 'name': 'nickcryptoüöÄüÖ° ‚ì£', 'id': '1283843791997280256'}, {'screen_name': 'themooncarl', 'name': 'the moon', 'id': '978732571738755072'}]",[],[],0,0,1,[],[],https://twitter.com/TheBest22846678/status/1420119363949109254,False,,0,,,,,,,,"[{'screen_name': 'SAFEDOGE7', 'name': 'SAFEDOGE', 'id': '1406888903609446405'}]",,,,
1420119362569134083,1420119362569134083,2021-07-28 04:30:15 CST,2021-07-28,04:30:15,+0800,1253930126858956800,rob__alt,$link bounty hunter,,Don‚Äôt sit on the sidelines with $QNT  at $80 is $BTC¬† at $55 . FewüëÅ,en,[],[],[],0,0,0,[],['qnt'],https://twitter.com/Rob__Alt/status/1420119362569134083,False,,0,,,,,,,,[],,,,
1420119356655251458,1420119356655251458,2021-07-28 04:30:13 CST,2021-07-28,04:30:13,+0800,1323637174785335296,nicesignal01,nicesignal BTC trend alerts,,üü¢üêÆBuy SignalüêÆüü¢ üîî30minutes‰∏äÊòá„Éà„É¨„É≥„ÉâÁô∫Áîüüîî ‚è∞2021/07/28 05:30:13 (UTC+9) #BTC $BTC,ja,[],[],[],0,0,0,['btc'],['btc'],https://twitter.com/nicesignal01/status/1420119356655251458,False,,0,,,,,,,,[],,,,
1420119355942125568,1420119355942125568,2021-07-28 04:30:13 CST,2021-07-28,04:30:13,+0800,2937413217,omgaanmetcrypto,Crypto.Venture,,"New Post: Oklahoma, Texas jump to SEC has massive ESPN, conference implications  https://t.co/MLfOymNUFo  #cryptonews #cryptocurrency #blockchain #crypto #ethereum #btc #eth #litecoin #altcoins #bitcoinnews #bitcoins #ripple #cryptomining #coinbase #cryptocurrencies #investing  https://t.co/ne8VzIwAOX",en,[],['https://buff.ly/3f0GvVe'],['https://pbs.twimg.com/media/E7VHBu6WQAA-GY7.jpg'],0,0,0,"['cryptonews', 'cryptocurrency', 'blockchain', 'crypto', 'ethereum', 'btc', 'eth', 'litecoin', 'altcoins', 'bitcoinnews', 'bitcoins', 'ripple', 'cryptomining', 'coinbase', 'cryptocurrencies', 'investing']",[],https://twitter.com/OmgaanMetCrypto/status/1420119355942125568,False,,1,https://pbs.twimg.com/media/E7VHBu6WQAA-GY7.jpg,,,,,,,[],,,,
1420119355191447553,1420119355191447553,2021-07-28 04:30:13 CST,2021-07-28,04:30:13,+0800,1323637174785335296,nicesignal01,nicesignal BTC trend alerts,,üü¢üêÆBuy SignalüêÆüü¢ üîî15minutes‰∏äÊòá„Éà„É¨„É≥„ÉâÁô∫Áîüüîî ‚è∞2021/07/28 05:30:13 (UTC+9) #BTC $BTC,ja,[],[],[],0,0,0,['btc'],['btc'],https://twitter.com/nicesignal01/status/1420119355191447553,False,,0,,,,,,,,[],,,,
1420119354084102144,1420119354084102144,2021-07-28 04:30:13 CST,2021-07-28,04:30:13,+0800,945716745192574977,cryptogulp,Crypto Gulp,,"Total cryptocurrencies market capitalization has just attained $1.49 Trillion  In the last 24 hours, the trading volume totaled $103.33 Billion  Bitcoin $BTC's market cap share is currently at 47.75%  ‚ÑπÔ∏è  https://t.co/1sSdUMYmjX  https://t.co/z7MbidO8oq",en,[],['https://CoinMarketCap.com/?utm_source=kol'],['https://pbs.twimg.com/media/E7VHBn8WYAgTvg0.png'],0,0,0,[],['btc'],https://twitter.com/CryptoGulp/status/1420119354084102144,False,,1,https://pbs.twimg.com/media/E7VHBn8WYAgTvg0.png,,,,,,,[],,,,
1420119346781859850,1420119346781859850,2021-07-28 04:30:11 CST,2021-07-28,04:30:11,+0800,1125284714976141312,ereyestercrypto,‰ªÆÊÉ≥ÈÄöË≤®‰æ°Ê†ºÈÄöÁü•BOT(BTC/JPY ETH/JPY XRP/JPY LTC/JPY),,BTC/JPY = 4173407ÂÜÜ  ETH/JPY = 246010ÂÜÜ  XRP/JPY = 69.754ÂÜÜ  LTC/JPY = 14709.8ÂÜÜ  #„Éì„ÉÉ„Éà„Ç≥„Ç§„É≥ #‰ªÆÊÉ≥ÈÄöË≤® #BTC #ETH #XRP #LTC,ja,[],[],[],0,0,1,"['„Éì„ÉÉ„Éà„Ç≥„Ç§„É≥', '‰ªÆÊÉ≥ÈÄöË≤®', 'btc', 'eth', 'xrp', 'ltc']",[],https://twitter.com/ereyestercrypto/status/1420119346781859850,False,,0,,,,,,,,[],,,,
1420119344080510978,1420119344080510978,2021-07-28 04:30:10 CST,2021-07-28,04:30:10,+0800,108551498,teddy_zhu_,Teddy Atreides Zhu,,"I hope this amazing project will be successful and then it becomes one of the best crypto, I am enthusiast about participating in this and also supporting this project   @tuputupu_k @haepness @AhmadAz92460567  #bitcoin #ethereum #cryptocurrency #blockchain #btc #iNf4mation",en,"[{'screen_name': 'tuputupu_k', 'name': 'f', 'id': '844784276268728321'}, {'screen_name': 'haepness', 'name': 'haepness', 'id': '1389975706621251588'}, {'screen_name': 'ahmadaz92460567', 'name': 'ahmad aziz', 'id': '1361365024850075650'}]",[],[],0,0,0,"['bitcoin', 'ethereum', 'cryptocurrency', 'blockchain', 'btc', 'inf4mation']",[],https://twitter.com/teddy_zhu_/status/1420119344080510978,False,https://twitter.com/nf4mation/status/1420114140979335171,0,,,,,,,,[],,,,
1420119335511760904,1420047670798807041,2021-07-28 04:30:08 CST,2021-07-28,04:30:08,+0800,1016012263646482439,truthseeker1848,TruthSeeker19,,@fierillo @virtual_booster @binance And this is why btc is not and will not be money. Bingo!,en,[],[],[],1,0,0,[],[],https://twitter.com/truthseeker1848/status/1420119335511760904,False,,0,,,,,,,,"[{'screen_name': 'fierillo', 'name': 'Fierillo', 'id': '916517714063224832'}, {'screen_name': 'virtual_booster', 'name': 'Can Celik', 'id': '1358158686275989510'}, {'screen_name': 'binance', 'name': 'Binance', 'id': '877807935493033984'}]",,,,
1420119335142662155,1420119335142662155,2021-07-28 04:30:08 CST,2021-07-28,04:30:08,+0800,1136430327176581120,tokenmetricsinc,Token Metrics,,"Those accounts that hold only Basic Account Verification can withdraw 0.06 #BTC per day, said Binance.  https://t.co/YCLmZnXOUG",en,[],[],['https://pbs.twimg.com/media/E7VHAh0XoAUNUpO.jpg'],0,0,0,['btc'],[],https://twitter.com/tokenmetricsinc/status/1420119335142662155,False,,1,https://pbs.twimg.com/media/E7VHAh0XoAUNUpO.jpg,,,,,,,[],,,,
1420119333599076353,1420119333599076353,2021-07-28 04:30:08 CST,2021-07-28,04:30:08,+0800,882240636010868736,nowbitcoinprice,Bitcoin Price Now,,"Jul 27, 2021 20:29:00 UTC | 38,113.50$ | 32,240.80‚Ç¨ | 27,449.40¬£ | #Bitcoin #BTC $BTC #crypto #financial #news  https://t.co/YSlsKkcYA1",in,[],[],['https://pbs.twimg.com/media/E7VHAeSWYAQXPcK.png'],0,0,0,"['bitcoin', 'btc', 'crypto', 'financial', 'news']",['btc'],https://twitter.com/NowBitcoinPrice/status/1420119333599076353,False,,1,https://pbs.twimg.com/media/E7VHAeSWYAQXPcK.png,,,,,,,[],,,,
1420119332600823810,1420119332600823810,2021-07-28 04:30:08 CST,2021-07-28,04:30:08,+0800,1382650985592553472,morales_eth,I am Morales,,Literally everything is on @0xPolygon already!  $BTC $ETH $MATIC,en,"[{'screen_name': '0xpolygon', 'name': 'polygon', 'id': '914738730740715521'}]",[],[],0,0,2,[],"['btc', 'eth', 'matic']",https://twitter.com/morales_eth/status/1420119332600823810,False,https://twitter.com/_DFyn/status/1420114044451639296,0,,,,,,,,[],,,,
1420119322681397252,1420119322681397252,2021-07-28 04:30:05 CST,2021-07-28,04:30:05,+0800,1009357757219266560,mbrae3,MBrae,,"$TSLA winnings of initial #BTC investmentüôå  $118853614 (8.8 %) (Realized: 272 M) (Estimating an average buy price of $35000/BTC with now 38,700 BTC holdings $BTCUSD) #Tesla #Bitcoin #crypto",en,[],[],[],0,0,0,"['btc', 'tesla', 'bitcoin', 'crypto']","['tsla', 'btcusd']",https://twitter.com/MBrae3/status/1420119322681397252,False,,0,,,,,,,,[],,,,
1420119322295513092,1420119322295513092,2021-07-28 04:30:05 CST,2021-07-28,04:30:05,+0800,1363923224657018885,criptoflippeni1,CriptoFlippening,,- Confirmed tps (last hour): $BTC: 3.94 tps $BCH: 0.83 tps  - Broadcasted tps (last 5 minutes): $BTC: 3.15 tps $BCH: 0.76 tps  - Last block median fee USD: $BTC: 0.37 USD $BCH: 0.001 USD,en,[],[],[],0,0,0,[],"['btc', 'bch', 'btc', 'bch', 'btc', 'bch']",https://twitter.com/CriptoFlippeni1/status/1420119322295513092,False,,0,,,,,,,,[],,,,
1420119320722649090,1420119320722649090,2021-07-28 04:30:05 CST,2021-07-28,04:30:05,+0800,1068204628788023297,cryptoprice2,Crypto Price Status,,"38,081 #BTC_USD 2,247 #ETH_USD 13,180,174,618 #BTC_IRR",und,[],[],[],0,0,0,"['btc_usd', 'eth_usd', 'btc_irr']",[],https://twitter.com/Cryptoprice2/status/1420119320722649090,False,,0,,,,,,,,[],,,,
1420119318499577867,1420119318499577867,2021-07-28 04:30:04 CST,2021-07-28,04:30:04,+0800,1378625735066185728,ftxspotfutured1,FTX_Spot-Future-Divergence_Bot,,[Future-0924]/[Spot] Divergence%  ‚ñ† Volume Top3 BTC: 1.4% (149M) ETH: 1.1% (41M) UNI: 1.0% (3M)  ‚ñ† Divergence Top5 (&gt;0.1M) BTC: 1.4% (148.5M) ETH: 1.1% (41.1M) SXP: 1.0% (1.7M) UNI: 1.0% (3.0M) TSLA: 0.7% (1.4M),en,[],[],[],0,0,0,[],[],https://twitter.com/FTXSpotFutureD1/status/1420119318499577867,False,,0,,,,,,,,[],,,,
1420119314334511107,1420119314334511107,2021-07-28 04:30:03 CST,2021-07-28,04:30:03,+0800,263428543,marko_55,„Éû„É´„Ç≥,,"ÁÇ∫Êõø(21/07/28 05:30„à¨ÁèæÂú®)  Á±≥„Éâ„É´‚Üí109.74ÂÜÜ È¶ôÊ∏Ø„Éâ„É´‚Üí14.10ÂÜÜ Âè∞Êπæ„Éâ„É´‚Üí3.91ÂÜÜ ‰∏≠ÂõΩÂÖÉ‚Üí16.85ÂÜÜ „É¶„Éº„É≠‚Üí129.71ÂÜÜ Ëã±„Éù„É≥„Éâ‚Üí152.38ÂÜÜ Ë±™„Éâ„É´‚Üí80.80ÂÜÜ BTC‚Üí4,180,433ÂÜÜ Ethereum‚Üí245,729ÂÜÜ Ripple‚Üí69.75ÂÜÜ MonaCoin‚Üí142.70ÂÜÜ",ja,[],[],[],0,0,0,[],[],https://twitter.com/marko_55/status/1420119314334511107,False,,0,,,,,,,,[],,,,
1420119313118220291,1420119313118220291,2021-07-28 04:30:03 CST,2021-07-28,04:30:03,+0800,1877257982,bitcoinjp,„Éì„ÉÉ„Éà„Ç≥„Ç§„É≥ÂÜÜÁõ∏Â†¥,,"ÁèæÂú®„ÅÆ‰æ°Ê†º„ÅØ 4,180,821.5ÂÜÜ„Åß„Åô„ÄÇÂâçÂõûÊØî„ÅØ16,557ÂÜÜ(0.40%)„Åß„Åô„ÄÇ #„Éì„ÉÉ„Éà„Ç≥„Ç§„É≥ #bitcoin #btc $BTCJPY via @bitFlyer #„Éñ„É≠„ÉÉ„ÇØ„ÉÅ„Çß„Éº„É≥",ja,"[{'screen_name': 'bitflyer', 'name': 'bitflyerÔºà„Éì„ÉÉ„Éà„Éï„É©„Ç§„É§„ÉºÔºâ', 'id': '2291828892'}]",[],[],0,0,0,"['„Éì„ÉÉ„Éà„Ç≥„Ç§„É≥', 'bitcoin', 'btc', '„Éñ„É≠„ÉÉ„ÇØ„ÉÅ„Çß„Éº„É≥']",['btcjpy'],https://twitter.com/bitcoinjp/status/1420119313118220291,False,,0,,,,,,,,[],,,,
1420119312963149824,1420119312963149824,2021-07-28 04:30:03 CST,2021-07-28,04:30:03,+0800,2207129125,cointelegraph,Cointelegraph,,"Tesla has a $23M impairment loss on its #BTC holdings, although it didn't buy or sell assets. But that hasn't hurt its second-quarter revenue of $1.14B.    https://t.co/lCSH8nG1Tu",en,[],['https://buff.ly/3iUBqin'],[],4,2,17,['btc'],[],https://twitter.com/Cointelegraph/status/1420119312963149824,False,,0,,,,,,,,[],,,,
1420119312669495301,1420119312669495301,2021-07-28 04:30:03 CST,2021-07-28,04:30:03,+0800,936782508556980224,bitcoin_mxn,Precio Bitcoin,,"Precio: $757,499.99 Fuente: @Bitso #Bitso #BTCMXN $btc Hora: 2021-07-27 15:30:02 (GMT-6)",es,"[{'screen_name': 'bitso', 'name': 'bitso', 'id': '2241683586'}]",[],[],0,0,0,"['bitso', 'btcmxn']",['btc'],https://twitter.com/Bitcoin_MXN/status/1420119312669495301,False,,0,,,,,,,,[],,,,
1420119311683883012,1420119311683883012,2021-07-28 04:30:03 CST,2021-07-28,04:30:03,+0800,1139188584219578368,bakednet,BakedNetüåÆ,,"[‚Çø] #Bitcoin Daily $BTC [‚Çø]  Kraken‚ùØ A:$38,083 L:$36,407 H:$38,786 Bitstamp‚ùØ A:$38,114 L:$36,386 H:$38,779 Bitfinex‚ùØ A:$38,048 L:$36,418 H:$38,778  Market Cap: $715,122,822,255 24h Volume: $10,673,552,545 24h: 2.61%  7d: 29.16%",en,[],[],[],0,0,0,['bitcoin'],['btc'],https://twitter.com/bakednet/status/1420119311683883012,False,,0,,,,,,,,[],,,,
1420119311574765568,1420119311574765568,2021-07-28 04:30:03 CST,2021-07-28,04:30:03,+0800,2250718783,biafurst,bia,,WE‚ÄôVE BEEN KNOWING THAT FOR AT LEAST 5 YEARS WHEN BTC BECAME A BIG DEAL,en,[],[],[],0,0,0,[],[],https://twitter.com/biafurst/status/1420119311574765568,False,https://twitter.com/sfchronicle/status/1419648262437543936,0,,,,,,,,[],,,,
1420119310501044226,1420119310501044226,2021-07-28 04:30:02 CST,2021-07-28,04:30:02,+0800,946970427179466755,cryptoc_cheap,„ÅÑ„ÅæÊ≥®ÁõÆ„ÅÆÊ†ºÂÆâ‰ªÆÊÉ≥ÈÄöË≤®ÔºÅ,,2021/07/28 05:30 #Binance Ê†ºÂÆâ„Ç≥„Ç§„É≥  1‰Ωç #WIN 0.00000001 BTC(0.04ÂÜÜ) 2‰Ωç #HOT 0.00000002 BTC(0.08ÂÜÜ) 3‰Ωç #COCOS 0.00000003 BTC(0.13ÂÜÜ) 4‰Ωç #NPXS 0.00000003 BTC(0.13ÂÜÜ) 5‰Ωç #DENT 0.00000004 BTC(0.17ÂÜÜ)  #‰ªÆÊÉ≥ÈÄöË≤® #„Ç¢„É´„Éà„Ç≥„Ç§„É≥ #Ëçâ„Ç≥„Ç§„É≥,ja,[],[],[],0,0,1,"['binance', 'win', 'hot', 'cocos', 'npxs', 'dent', '‰ªÆÊÉ≥ÈÄöË≤®', '„Ç¢„É´„Éà„Ç≥„Ç§„É≥', 'Ëçâ„Ç≥„Ç§„É≥']",[],https://twitter.com/cryptoc_cheap/status/1420119310501044226,False,,0,,,,,,,,[],,,,
1420119307518988288,1419433723452444675,2021-07-28 04:30:02 CST,2021-07-28,04:30:02,+0800,702753493803618304,shamsideenuthm2,Shamsideen uthman,,@PaddFinance #PaddFinance #airdroo #bnb #btc #BSC @adwoa_marvel  @abdul_samaha  @Blessing_Stacia,und,"[{'screen_name': 'adwoa_marvel', 'name': 'adwoa m a r v e lüåπüåπ', 'id': '1247685052034699265'}, {'screen_name': 'abdul_samaha', 'name': 'm a l l a mü§Øa u d u', 'id': '4915250163'}, {'screen_name': 'blessing_stacia', 'name': 'babygirl4l', 'id': '1243791694753038336'}]",[],[],0,0,0,"['paddfinance', 'airdroo', 'bnb', 'btc', 'bsc']",[],https://twitter.com/Shamsideenuthm2/status/1420119307518988288,False,,0,,,,,,,,"[{'screen_name': 'PaddFinance', 'name': 'Padd.Finance', 'id': '1416812746658783232'}]",,,,
1420119306881409027,1420119306881409027,2021-07-28 04:30:01 CST,2021-07-28,04:30:01,+0800,2539989348,bitapeso,Bit A Peso,,"Precio actual del #Bitcoin, #Ethereum y #Ripple   1 $USD  =  MXN  1 $BTC = $757,499.99 MXN  1 $ETH = $44,554.54 MXN  1 $XRP = $12.69 MXN  1 $LTC = $2,648.16 MXN  1 $BCH = $9,874.40 MXN  Compra y Vende Bitcoin, Ethereum y Ripple desde aqu√≠:  https://t.co/EgcahDQQRb",es,[],['https://bitso.com/?ref=qsmn'],[],0,0,0,"['bitcoin', 'ethereum', 'ripple']","['usd', 'btc', 'eth', 'xrp', 'ltc', 'bch']",https://twitter.com/bitapeso/status/1420119306881409027,False,,0,,,,,,,,[],,,,
1420119303655809028,1420119303655809028,2021-07-28 04:30:01 CST,2021-07-28,04:30:01,+0800,1413392552015798272,dora_ebag,Ebag,,Impresive and great project. I trust this project can be successfully  @aldebarand6 @cak_cungkring @WianaAlfi  #bitcoin #ethereum #cryptocurrency #blockchain #btc #iNf4mation,en,"[{'screen_name': 'aldebarand6', 'name': 'aldebarand', 'id': '1406624249494704140'}, {'screen_name': 'cak_cungkring', 'name': 'cak_cungkring', 'id': '1413389054792527876'}, {'screen_name': 'wianaalfi', 'name': 'alfiwiana', 'id': '2894331230'}]",[],[],0,0,0,"['bitcoin', 'ethereum', 'cryptocurrency', 'blockchain', 'btc', 'inf4mation']",[],https://twitter.com/dora_ebag/status/1420119303655809028,False,https://twitter.com/nf4mation/status/1420108476907282432,0,,,,,,,,[],,,,
1420119301491617792,1420023996343586836,2021-07-28 04:30:00 CST,2021-07-28,04:30:00,+0800,942539067685617664,rest_home_chad,Hal L Finney,,@OTC_Bitcoin Nice one on btc too. You thinking this is a b wave?  https://t.co/r7AyH6Ss0e,en,[],[],['https://pbs.twimg.com/media/E7VG-jLVUAAZRpn.jpg'],0,0,0,[],[],https://twitter.com/Rest_home_chad/status/1420119301491617792,False,,1,https://pbs.twimg.com/media/E7VG-jLVUAAZRpn.jpg,,,,,,,"[{'screen_name': 'OTC_Bitcoin', 'name': 'Taoist Alchemist. Philosophy. Bitcoin Fund Manager', 'id': '18873970'}]",,,,
1420119299503575040,1420119299503575040,2021-07-28 04:30:00 CST,2021-07-28,04:30:00,+0800,1372000577102700544,hodlffs,HodlFFS,,#bitcoin #BTC #HodlFFS   https://t.co/M3SL3ZTlfq  https://t.co/f2HdJSKArn,und,[],['https://www.bloomberg.com/news/articles/2021-07-27/mastercard-seeks-to-ease-use-of-cryptocurrencies-for-consumers?utm_source=twitter&utm_content=crypto&utm_campaign=socialflow-organic&utm_medium=social'],['https://pbs.twimg.com/media/E7T4lIJXoBMzBqB.jpg'],0,0,1,"['bitcoin', 'btc', 'hodlffs']",[],https://twitter.com/hodlffs/status/1420119299503575040,False,,1,https://pbs.twimg.com/media/E7T4lIJXoBMzBqB.jpg,,,,,,,[],,,,
1420119286715076609,1420119286715076609,2021-07-28 04:29:57 CST,2021-07-28,04:29:57,+0800,1387578217570004994,uniquewest8,Unique West,,#btc looking like it‚Äôs going to explode. Hopefully up!,en,[],[],[],0,0,0,['btc'],[],https://twitter.com/UniqueWest8/status/1420119286715076609,False,,0,,,,,,,,[],,,,
1420119273670860803,1419997823727243264,2021-07-28 04:29:54 CST,2021-07-28,04:29:54,+0800,86824637,cipid2001,Ciprian DIMA,,"@CarciuSergiu @ConsultantaCry1 Nu mi-ai raspuns la intrebare,care pt un BTC maxi ar trebui sa fie floare la ureche...sau doar e cool sa ai BTC, fara sa intelegi sistemul? P.S.detin BTC,chiar si il shortez in unele momente (sunt de ambele parti ale baricadei),dar detin si ""shitcoins"" care ar prezenta utilitate.",ro,[],[],[],0,0,0,[],[],https://twitter.com/cipid2001/status/1420119273670860803,False,,0,,,,,,,,"[{'screen_name': 'CarciuSergiu', 'name': 'Sergiu Carciu', 'id': '897915742154362883'}, {'screen_name': 'ConsultantaCry1', 'name': 'ConsultantaCrypto.ro', 'id': '1354221582806347780'}]",,,,
1420119272056053760,1420119272056053760,2021-07-28 04:29:53 CST,2021-07-28,04:29:53,+0800,1256221944841715712,link1k,Dr. $Link1k_2.0üí∞,,"15,000 #bitcoin off exchanges today.  üò≥   #Bitcoin $BTC  ViewBase  https://t.co/BWo70XcNwJ",en,[],['https://www.viewbase.com/coin/bitcoin'],[],0,0,0,"['bitcoin', 'bitcoin']",['btc'],https://twitter.com/LINK1K/status/1420119272056053760,False,,0,,,,,,,,[],,,,
1420119245661343750,1420036221749891082,2021-07-28 04:29:47 CST,2021-07-28,04:29:47,+0800,960522969532583936,yahoo0159,crypto_ponzi_lover,,@PeterSchiff nooo no btc xD better  they should replace gold medals with #tether  medals xDDD haha,en,[],[],[],0,0,0,['tether'],[],https://twitter.com/yahoo0159/status/1420119245661343750,False,,0,,,,,,,,"[{'screen_name': 'PeterSchiff', 'name': 'Peter Schiff', 'id': '56562803'}]",,,,
1420119223146205184,1417581502758473728,2021-07-28 04:29:41 CST,2021-07-28,04:29:41,+0800,756898214083715074,0xmonk,0xMonk ‚ü†,,Update: $BTC üìà $DXY üìâ  https://t.co/yBUAIFfkuB,en,[],[],"['https://pbs.twimg.com/media/E7VGdCEVoAAgCWL.jpg', 'https://pbs.twimg.com/media/E7VGe3yUcAQtv-7.jpg']",0,0,0,[],"['btc', 'dxy']",https://twitter.com/0xMonk/status/1420119223146205184,False,,1,https://pbs.twimg.com/media/E7VGdCEVoAAgCWL.jpg,,,,,,,[],,,,
1420119218377396229,1419512464098697221,2021-07-28 04:29:40 CST,2021-07-28,04:29:40,+0800,1190285316831293446,daniyksi,Dani Yksi NFT,,@barbeetooreen Some nice photographs üì∏    https://t.co/1Apqae0kYO  #NFT #NFTCommunity #NFTs #NFTartist  #BTC #ETH,en,[],['https://opensea.io/collection/best-selling-nfts'],[],0,0,0,"['nft', 'nftcommunity', 'nfts', 'nftartist', 'btc', 'eth']",[],https://twitter.com/DaniYksi/status/1420119218377396229,False,,0,,,,,,,,"[{'screen_name': 'barbeetooreen', 'name': 'Gleb Baturin', 'id': '273481544'}]",,,,
1420119217714696198,1420119217714696198,2021-07-28 04:29:40 CST,2021-07-28,04:29:40,+0800,1348757802643296259,coincapitan,Capitan,,$BTC Price: $38071 $ETH Price: $2248 $LTC Price: $133  Next update in 10 minutes Last updated: 16:29:39.01,en,[],[],[],0,0,0,[],"['btc', 'eth', 'ltc']",https://twitter.com/coincapitan/status/1420119217714696198,False,,0,,,,,,,,[],,,,
1420119217060335623,1420040298693107723,2021-07-28 04:29:40 CST,2021-07-28,04:29:40,+0800,1361142466502684673,decoppetlouis,award (servesafe) winning chef,,@danheld These things didn't just change overnight.  The Euro and Pound are still being used as reserve currencies.  Right now there is 0 BTC being used as a reserve currency it's going to have to go to 1 BTC used as reserve before it becomes the primary one.,en,[],[],[],0,0,0,[],[],https://twitter.com/DecoppetLouis/status/1420119217060335623,False,,0,,,,,,,,"[{'screen_name': 'danheld', 'name': 'Dan Held', 'id': '1598709350'}]",,,,
1420119208856367109,1420119208856367109,2021-07-28 04:29:38 CST,2021-07-28,04:29:38,+0800,1327960346309562370,kendinetrade_,Kendine Trader,,#Bitcoin  #btc bir ≈üeyler deneyecek gibi üëÄ  https://t.co/qBpZFHLxT2,tr,[],[],['https://pbs.twimg.com/media/E7VG3DvWUAUQBXk.png'],0,0,2,"['bitcoin', 'btc']",[],https://twitter.com/KendineTrade_/status/1420119208856367109,False,,1,https://pbs.twimg.com/media/E7VG3DvWUAUQBXk.png,,,,,,,[],,,,
1420119206075539460,1419972212896014357,2021-07-28 04:29:37 CST,2021-07-28,04:29:37,+0800,1361223679456256000,orangecoingood4,OrangeCoinGood,,@BuzzLightyearz_ @spinte8 @swedetoshi @martys_owl @BTCGandalf @labrahodl10 @Cryptic_Oz @gregzaj1 @CHAIRFORCE_BTC @r0ckstardev @plan_marcus @HillebrandMax Buzz killjoy.,hu,[],[],[],0,0,1,[],[],https://twitter.com/OrangeCoinGood4/status/1420119206075539460,False,,0,,,,,,,,"[{'screen_name': 'BuzzLightyearz_', 'name': 'Buzz Lightyear üè¥\u200d‚ò†Ô∏è', 'id': '901013608242532352'}, {'screen_name': 'spinte8', 'name': 'Spinte.HODL ‚àû/21M üçØü¶°üåã ""Religious zealot""', 'id': '1176792012806336512'}, {'screen_name': 'swedetoshi', 'name': 'swedetoshi', 'id': '955211548984823808'}, {'screen_name': 'martys_owl', 'name': 'Marty‚Äôs Owl', 'id': '1270524696468094977'}, {'screen_name': 'BTCGandalf', 'name': '‚Çøitcoin Shadowy Super-Gandalf', 'id': '1359483955695681538'}, {'screen_name': 'labrahodl10', 'name': 'ALL CAPS LABRAHODL 39pts \U0001f7e9 0.21.1', 'id': '1403387815468093441'}, {'screen_name': 'Cryptic_Oz', 'name': 'AussieOnBoard ü•Ç', 'id': '971597452854702080'}, {'screen_name': 'gregzaj1', 'name': 'GregZaj‚ò£', 'id': '33973885'}, {'screen_name': 'CHAIRFORCE_BTC', 'name': '‚ÑÇ‚Ñçùî∏ùïÄ‚ÑùùîΩùïÜ‚Ñù‚ÑÇùîº ü¶°', 'id': '1312543931582869504'}, {'screen_name': 'r0ckstardev', 'name': 'Uncle Rockstar', 'id': '963431873442648064'}, {'screen_name': 'plan_marcus', 'name': 'Plan Marcus ‚ò£Ô∏è‚ö°Ô∏è', 'id': '1268294621748174848'}, {'screen_name': 'HillebrandMax', 'name': 'max hillebrand üè¥\u200d‚ò†Ô∏è towardsliberty.com', 'id': '115711647'}]",,,,
1420119202472595459,1420119202472595459,2021-07-28 04:29:37 CST,2021-07-28,04:29:37,+0800,259856497,beerdhead,üõ°Ô∏èü¶ìüí§‚ò†Ô∏è gDao.org,,Monero $XMR üêé Maximalists absolutely fucking Nuked Today   Zcash $ZEC ü¶ìüõ°Ô∏èüí§üïµÔ∏è‚Äç‚ôÇÔ∏è  is King of Privacy &amp; Scalability  #Bitcoin #Crypto #blockchain #altcoins $btc $eth $doge $ada  https://t.co/cqL4CLgrCu,en,[],[],['https://pbs.twimg.com/media/E7VG4swXoAYUoyi.jpg'],2,1,2,"['bitcoin', 'crypto', 'blockchain', 'altcoins']","['xmr', 'zec', 'btc', 'eth', 'doge', 'ada']",https://twitter.com/BeerdHead/status/1420119202472595459,False,,1,https://pbs.twimg.com/media/E7VG4swXoAYUoyi.jpg,,,,,,,[],,,,
1420119181505204238,1420119181505204238,2021-07-28 04:29:32 CST,2021-07-28,04:29:32,+0800,1035198618418831361,crosscoinco,CrossCoin.co,,"The largest cross-border arbitrage seen by @CrossCoinCo at 20:28 UTC: buy #BTC for RUB on Exmo, then transfer it to Quidax and sell it for NGN. The arbitrage spread is 26.4%.  More:  https://t.co/xEpwOSyFhm",en,"[{'screen_name': 'crosscoinco', 'name': 'crosscoin.co', 'id': '1035198618418831361'}]",['http://crosscoin.co'],[],0,0,0,['btc'],[],https://twitter.com/crosscoinco/status/1420119181505204238,False,,0,,,,,,,,[],,,,
1420119180209270791,1420119180209270791,2021-07-28 04:29:31 CST,2021-07-28,04:29:31,+0800,1035198618418831361,crosscoinco,CrossCoin.co,,The largest exchange premiums &amp; discounts seen by @CrossCoinCo at 20:28 UTC: #BTC vs NGN on Quidax is trading at a 22.9% premium to USD markets; #BTC vs RUB on Exmo is trading at a 2.8% discount to USD markets. Visit:  https://t.co/xEpwOSyFhm,en,"[{'screen_name': 'crosscoinco', 'name': 'crosscoin.co', 'id': '1035198618418831361'}]",['http://crosscoin.co'],[],0,0,0,"['btc', 'btc']",[],https://twitter.com/crosscoinco/status/1420119180209270791,False,,0,,,,,,,,[],,,,
1420119167840174087,1420119167840174087,2021-07-28 04:29:28 CST,2021-07-28,04:29:28,+0800,1063477830116417536,precio_btc,Precio del BTC,,"Xoycoin: Lo que sabemos de la criptomoneda mexicana que acepta inversi√≥n desde 20 pesos. https://t.co/Zs2mXV0SKz. Powered by NewsAPI. org #BTC, #criptomonedas",es,[],['https://ift.tt/3f2Vvlv'],[],0,1,1,"['btc', 'criptomonedas']",[],https://twitter.com/precio_btc/status/1420119167840174087,False,,0,,,,,,,,[],,,,
1420119161662025734,1420119161662025734,2021-07-28 04:29:27 CST,2021-07-28,04:29:27,+0800,202834814,ryan_marto5,Ryan Marto,,Every time I convert BTC to ETH to buy NFT‚Äôs I have more $‚Äôs in value with less BTCüòÇüòÇüòÇ gotta love when the market is green,en,[],[],[],0,0,0,[],[],https://twitter.com/Ryan_Marto5/status/1420119161662025734,False,,0,,,,,,,,[],,,,
1420119161628499981,1420119161628499981,2021-07-28 04:29:27 CST,2021-07-28,04:29:27,+0800,1258520201680900098,notatinyiwhale,Is AGIX above $1.00 already?,,$BTC 10w EMA inflecting higher for the first time since the beginning of this sell off.  https://t.co/4vmWGpy2OW,en,[],[],['https://pbs.twimg.com/media/E7VGqJWXMAEKrfm.jpg'],0,0,0,[],['btc'],https://twitter.com/notatinyIwhale/status/1420119161628499981,False,,1,https://pbs.twimg.com/media/E7VGqJWXMAEKrfm.jpg,,,,,,,[],,,,
1420119156997988357,1419993907778232323,2021-07-28 04:29:26 CST,2021-07-28,04:29:26,+0800,1347618475120984066,adam93165683,AdamCryptoNewbie,,"@eToro Yes but BTC is not ""currency"" and never was",en,[],[],[],0,0,0,[],[],https://twitter.com/Adam93165683/status/1420119156997988357,False,,0,,,,,,,,"[{'screen_name': 'eToro', 'name': 'eToro', 'id': '23420231'}]",,,,
1420119145383870464,1420119145383870464,2021-07-28 04:29:23 CST,2021-07-28,04:29:23,+0800,3184483910,bengcrypt2,BENG ü§ñ,,HODL ü§ñ ???????????   #kavaio #kavausd #kava #crypto #cryptocurrency #ripple #stellar #Bitcoin¬†¬†¬†¬†¬†¬†¬†¬†¬†¬†¬†#xrpusd #Ethusd #dogecoin #altcoins #dogecoin #btc¬†¬†¬†¬†¬†¬†¬†¬†¬†#dogeusd #Etheruem ¬†¬† #wavesarmy #waveusd $waves $Kishu #SHIBA $SHIBA,tl,[],[],[],5,0,1,"['kavaio', 'kavausd', 'kava', 'crypto', 'cryptocurrency', 'ripple', 'stellar', 'bitcoin', 'xrpusd', 'ethusd', 'dogecoin', 'altcoins', 'dogecoin', 'btc', 'dogeusd', 'etheruem', 'wavesarmy', 'waveusd', 'shiba']","['waves', 'kishu', 'shiba']",https://twitter.com/bengcrypt2/status/1420119145383870464,False,,0,,,,,,,,[],,,,
1420119145153191945,1420040496798445570,2021-07-28 04:29:23 CST,2021-07-28,04:29:23,+0800,1317584952888786945,xkarnageee,Dylan,,"@mcflyroro @CryptoIRELAND1 Considering that cardano is at the same price it was when btc was at 64k I‚Äôd say it‚Äôs doing extremely well, most alts are down 60%-75% and Ada is still holding its 1.20 stable coin status",en,[],[],[],0,0,1,[],[],https://twitter.com/xKarnageee/status/1420119145153191945,False,,0,,,,,,,,"[{'screen_name': 'mcflyroro', 'name': 'Ratatouille king ofa Cabrianoüáµüá∏', 'id': '60666680'}, {'screen_name': 'CryptoIRELAND1', 'name': 'Darren N ‚òòüáÆüá™', 'id': '3414808858'}]",,,,
